#,Pattern,Time (msec),,,,Probability,Cumulative,
,,Absolute,vs. best,vs. mean,vs. median,,,
1,N1 S1 S2 S3,926566.6667,0,-13799.2269,-12800,1 / 64,0.015625,0.015625
2,N1 S4 S5 S6,929666.6667,3100,-10699.2269,-9700,1 / 16,0.078125,0.0625
3,N1 S1 S2 N3 S3,930633.3333,4066.666667,-9732.560237,-8733.333333,1 / 128,0.0859375,0.0078125
4,N1 S1 S2 N3 S7,930966.6667,4400,-9399.226904,-8400,1 / 64,0.1015625,0.015625
5,N1 S1 N2 N1 S1 S2,931566.6667,5000,-8799.226904,-7800,1 / 512,0.103515625,0.001953125
6,N1 N2 S1 S2 S3,931600,5033.333333,-8765.893571,-7766.666667,1 / 256,0.107421875,0.00390625
7,N1 S1 N2 S5 S4,931866.6667,5300,-8499.226904,-7500,1 / 128,0.115234375,0.0078125
8,N1 S8 N4 S2 S1,932000,5433.333333,-8365.893571,-7366.666667,1 / 64,0.130859375,0.015625
9,N1 S8 N4 S1 S2,932300,5733.333333,-8065.893571,-7066.666667,1 / 64,0.146484375,0.015625
10,N1 S4 S5 N2 S1,932833.3333,6266.666667,-7532.560237,-6533.333333,1 / 64,0.162109375,0.015625
11,N1 S1 N2 S5 S6,932966.6667,6400,-7399.226904,-6400,1 / 256,0.166015625,0.00390625
12,N1 S1 S2 N4 S8,933433.3333,6866.666667,-6932.560237,-5933.333333,1 / 256,0.169921875,0.00390625
13,N1 S4 S5 N5 S7,933566.6667,7000,-6799.226904,-5800,1 / 32,0.201171875,0.03125
14,N1 S1 S2 N3 N5 S5,933900,7333.333333,-6465.893571,-5466.666667,1 / 512,0.203125,0.001953125
15,N1 S1 S2 N3 N5 S7,934366.6667,7800,-5999.226904,-5000,1 / 512,0.205078125,0.001953125
16,N1 N2 S5 S6 S7,934933.3333,8366.666667,-5432.560237,-4433.333333,1 / 32,0.236328125,0.03125
17,N1 N2 S1 N1 S4 S5,935133.3333,8566.666667,-5232.560237,-4233.333333,1 / 128,0.244140625,0.0078125
18,N1 S1 N2 N1 S4 S5,935133.3333,8566.666667,-5232.560237,-4233.333333,1 / 64,0.259765625,0.015625
19,N1 S1 N4 S2 S1,935200,8633.333333,-5165.893571,-4166.666667,1 / 128,0.267578125,0.0078125
20,N1 S1 S2 N4 S1,935400,8833.333333,-4965.893571,-3966.666667,1 / 256,0.271484375,0.00390625
21,N1 N2 S1 S2 N3 S3,935666.6667,9100,-4699.226904,-3700,1 / 512,0.2734375,0.001953125
22,N1 S8 N4 S1 N1 S8,935766.6667,9200,-4599.226904,-3600,1 / 128,0.28125,0.0078125
23,N1 N2 S5 S4 N1 S8,935833.3333,9266.666667,-4532.560237,-3533.333333,1 / 64,0.296875,0.015625
24,N1 S8 N4 S2 S3,935933.3333,9366.666667,-4432.560237,-3433.333333,1 / 64,0.3125,0.015625
25,N1 S4 S5 N2 N1 S8,935933.3333,9366.666667,-4432.560237,-3433.333333,1 / 128,0.3203125,0.0078125
26,N1 N2 S1 S2 N3 S7,936000,9433.333333,-4365.893571,-3366.666667,1 / 256,0.32421875,0.00390625
27,N1 S1 N2 N5 S7 S6,936133.3333,9566.666667,-4232.560237,-3233.333333,1 / 512,0.326171875,0.001953125
28,N1 S1 N2 N5 S5 S4,936200,9633.333333,-4165.893571,-3166.666667,1 / 512,0.328125,0.001953125
29,N1 N2 S1 N1 N2 S1 S2,936533.3333,9966.666667,-3832.560237,-2833.333333,1 / 4096,0.328369141,0.000244141
30,N1 N2 S5 S4 N1 S1,936700,10133.33333,-3665.893571,-2666.666667,1 / 32,0.359619141,0.03125
31,N1 S1 N2 S5 N5 S7,936833.3333,10266.66667,-3532.560237,-2533.333333,1 / 1024,0.360595703,0.000976563
32,N1 S4 S5 N2 N1 S1,936833.3333,10266.66667,-3532.560237,-2533.333333,1 / 128,0.368408203,0.0078125
33,N1 S1 N4 S8 N1 S1,936933.3333,10366.66667,-3432.560237,-2433.333333,1 / 128,0.376220703,0.0078125
34,N1 S1 N2 N5 S5 S6,937033.3333,10466.66667,-3332.560237,-2333.333333,1 / 1024,0.377197266,0.000976563
35,N1 S4 S5 N5 N2 S1,937166.6667,10600,-3199.226904,-2200,1 / 64,0.392822266,0.015625
36,N1 S4 S5 N5 N3 S2,937366.6667,10800,-2999.226904,-2000,1 / 128,0.400634766,0.0078125
37,N1 S4 S5 N2 N1 S4,937366.6667,10800,-2999.226904,-2000,1 / 64,0.416259766,0.015625
38,N1 S8 N4 S1 N1 S4,937400,10833.33333,-2965.893571,-1966.666667,1 / 64,0.431884766,0.015625
39,N1 S1 N4 S8 N1 S4,937733.3333,11166.66667,-2632.560237,-1633.333333,1 / 64,0.447509766,0.015625
40,N1 S1 N2 N5 N3 S2 S1,937966.6667,11400,-2399.226904,-1400,1 / 1024,0.448486328,0.000976563
41,N1 S1 S2 N3 N5 N2 S1,938033.3333,11466.66667,-2332.560237,-1333.333333,1 / 1024,0.449462891,0.000976563
42,N1 S4 S5 N5 N2 S5,938033.3333,11466.66667,-2332.560237,-1333.333333,1 / 64,0.465087891,0.015625
43,N1 S4 S5 N2 N5 S5,938166.6667,11600,-2199.226904,-1200,1 / 256,0.468994141,0.00390625
44,N1 S1 S2 N4 N6 S3,938233.3333,11666.66667,-2132.560237,-1133.333333,1 / 128,0.476806641,0.0078125
45,N1 N2 S1 S2 N4 S8,938466.6667,11900,-1899.226904,-900,1 / 1024,0.477783203,0.000976563
46,N1 S1 N2 N1 S1 N2 S5,938533.3333,11966.66667,-1832.560237,-833.3333333,1 / 2048,0.478271484,0.000488281
47,N1 N2 S5 N5 S7 S6,938533.3333,11966.66667,-1832.560237,-833.3333333,1 / 256,0.482177734,0.00390625
48,N1 S4 S5 N2 N5 S7,938866.6667,12300,-1499.226904,-500,1 / 256,0.486083984,0.00390625
49,N1 N2 S1 S2 N3 N5 S5,938933.3333,12366.66667,-1432.560237,-433.3333333,1 / 2048,0.486572266,0.000488281
50,N1 N2 N5 S5 S6 S7,939100,12533.33333,-1265.893571,-266.6666667,1 / 256,0.490478516,0.00390625
51,N1 S1 S2 N3 N5 N2 S5,939133.3333,12566.66667,-1232.560237,-233.3333333,1 / 1024,0.491455078,0.000976563
52,N1 S1 N4 S2 S3,939166.6667,12600,-1199.226904,-200,1 / 128,0.499267578,0.0078125
53,N1 S8 N4 N6 S3 S2,939366.6667,12800,-999.2269039,0,1 / 32,0.530517578,0.03125
54,N1 N2 S1 S2 N3 N5 S7,939400,12833.33333,-965.8935706,33.33333333,1 / 2048,0.531005859,0.000488281
55,N1 S8 N4 S1 N2 S5,939666.6667,13100,-699.2269039,300,1 / 256,0.534912109,0.00390625
56,N1 N2 N5 S7 S6 S5,939833.3333,13266.66667,-532.5602372,466.6666667,1 / 128,0.542724609,0.0078125
57,N1 N2 S1 N1 N2 S1 N1 S8,939833.3333,13266.66667,-532.5602372,466.6666667,1 / 16384,0.542785645,6.10352E-05
58,N1 N2 S5 N5 N2 S1 S2,940000,13433.33333,-365.8935706,633.3333333,1 / 1024,0.543762207,0.000976563
59,N1 N2 N5 S5 N2 S1 S2,940100,13533.33333,-265.8935706,733.3333333,1 / 4096,0.544006348,0.000244141
60,N1 S1 N2 N1 S1 N2 N1 S8,940100,13533.33333,-265.8935706,733.3333333,1 / 4096,0.544250488,0.000244141
61,N1 N2 N5 S5 S4 N1 S8,940266.6667,13700,-99.22690392,900,1 / 512,0.546203613,0.001953125
62,N1 S4 S5 N5 N2 N1 S8,940300,13733.33333,-65.89357058,933.3333333,1 / 128,0.554016113,0.0078125
63,N1 S8 N4 S2 N3 S3,940366.6667,13800,0.773096083,1000,1 / 128,0.561828613,0.0078125
64,N1 N2 S1 S2 N4 S1,940433.3333,13866.66667,67.43976275,1066.666667,1 / 1024,0.562805176,0.000976563
65,N1 S1 N2 N5 S5 N2 S1,940466.6667,13900,100.7730961,1100,1 / 4096,0.563049316,0.000244141
66,N1 S1 N2 S5 N5 N2 S1,940466.6667,13900,100.7730961,1100,1 / 2048,0.563537598,0.000488281
67,N1 N2 S1 N4 S2 S1,940466.6667,13900,100.7730961,1100,1 / 512,0.565490723,0.001953125
68,N1 N2 S5 N5 N3 S2 S1,940533.3333,13966.66667,167.4397628,1166.666667,1 / 1024,0.566467285,0.000976563
69,N1 S1 N2 S5 N5 N3 S2,940666.6667,14100,300.7730961,1300,1 / 4096,0.566711426,0.000244141
70,N1 S8 N4 S2 N3 S7,940700,14133.33333,334.1064294,1333.333333,1 / 64,0.582336426,0.015625
71,N1 N2 S1 N1 N2 S5 S4,940833.3333,14266.66667,467.4397628,1466.666667,1 / 1024,0.583312988,0.000976563
72,N1 S1 N2 N1 S1 N2 N1 S1,940933.3333,14366.66667,567.4397628,1566.666667,1 / 4096,0.583557129,0.000244141
73,N1 N2 N5 N3 S2 S1 N1 S8,940966.6667,14400,600.7730961,1600,1 / 4096,0.58380127,0.000244141
74,N1 N2 N5 S5 S4 N1 S1,941133.3333,14566.66667,767.4397628,1766.666667,1 / 256,0.58770752,0.00390625
75,N1 S1 S2 N3 N5 N2 N1 S8,941200,14633.33333,834.1064294,1833.333333,1 / 2048,0.588195801,0.000488281
76,N1 S4 S5 N5 N2 N1 S1,941200,14633.33333,834.1064294,1833.333333,1 / 128,0.596008301,0.0078125
77,N1 S8 N4 S1 N2 N1 S8,941200,14633.33333,834.1064294,1833.333333,1 / 512,0.597961426,0.001953125
78,N1 N2 S1 N1 S8 N4 S2,941233.3333,14666.66667,867.4397628,1866.666667,1 / 1024,0.598937988,0.000976563
79,N1 N2 S1 N1 N2 S1 N1 S4,941433.3333,14866.66667,1067.439763,2066.666667,1 / 8192,0.599060059,0.00012207
80,N1 S1 N2 N1 S8 N4 S2,941466.6667,14900,1100.773096,2100,1 / 512,0.601013184,0.001953125
81,N1 S1 N2 N1 S1 N2 N1 S4,941533.3333,14966.66667,1167.439763,2166.666667,1 / 2048,0.601501465,0.000488281
82,N1 S1 N2 S5 N5 N2 S5,941566.6667,15000,1200.773096,2200,1 / 2048,0.601989746,0.000488281
83,N1 S4 S5 N5 N2 N1 S4,941733.3333,15166.66667,1367.439763,2366.666667,1 / 64,0.617614746,0.015625
84,N1 N2 S5 S4 N1 N2 S1,941733.3333,15166.66667,1367.439763,2366.666667,1 / 256,0.621520996,0.00390625
85,N1 S8 N4 S1 N1 N2 S1,941900,15333.33333,1534.106429,2533.333333,1 / 512,0.623474121,0.001953125
86,N1 N2 S1 N1 N2 S5 S6,941933.3333,15366.66667,1567.439763,2566.666667,1 / 2048,0.623962402,0.000488281
87,N1 N2 S1 N1 S8 N4 S1,942033.3333,15466.66667,1667.439763,2666.666667,1 / 1024,0.624938965,0.000976563
88,N1 S1 S2 N3 N5 N2 N1 S1,942066.6667,15500,1700.773096,2700,1 / 2048,0.625427246,0.000488281
89,N1 S8 N4 S1 N2 N1 S1,942066.6667,15500,1700.773096,2700,1 / 512,0.627380371,0.001953125
90,N1 S1 N2 N5 N3 S2 S3,942133.3333,15566.66667,1767.439763,2766.666667,1 / 2048,0.627868652,0.000488281
91,N1 N2 S1 N4 S8 N1 S1,942166.6667,15600,1800.773096,2800,1 / 512,0.629821777,0.001953125
92,N1 S1 N2 N1 S8 N4 S1,942266.6667,15700,1900.773096,2900,1 / 512,0.631774902,0.001953125
93,N1 S1 N4 S8 N1 N2 S1,942266.6667,15700,1900.773096,2900,1 / 512,0.633728027,0.001953125
94,N1 S4 S5 N2 N5 N3 S2,942500,15933.33333,2134.106429,3133.333333,1 / 512,0.635681152,0.001953125
95,N1 N2 N5 S7 N3 S2 S1,942533.3333,15966.66667,2167.439763,3166.666667,1 / 2048,0.636169434,0.000488281
96,N1 S1 N4 N6 S3 S2,942566.6667,16000,2200.773096,3200,1 / 64,0.651794434,0.015625
97,N1 S1 S2 N3 N5 N2 N1 S4,942600,16033.33333,2234.106429,3233.333333,1 / 1024,0.652770996,0.000976563
98,N1 S1 N2 N5 S7 N3 S2,942633.3333,16066.66667,2267.439763,3266.666667,1 / 4096,0.653015137,0.000244141
99,N1 N2 N5 N3 S2 S1 N1 S4,942633.3333,16066.66667,2267.439763,3266.666667,1 / 2048,0.653503418,0.000488281
100,N1 S8 N4 S1 N2 N1 S4,942633.3333,16066.66667,2267.439763,3266.666667,1 / 256,0.657409668,0.00390625
101,N1 S1 N2 N1 S1 N2 N5 S5,942766.6667,16200,2400.773096,3400,1 / 8192,0.657531738,0.00012207
102,N1 N2 S1 N4 S8 N1 S4,942966.6667,16400,2600.773096,3600,1 / 256,0.661437988,0.00390625
103,N1 N2 S1 S2 N3 N5 N2 S1,943066.6667,16500,2700.773096,3700,1 / 4096,0.661682129,0.000244141
104,N1 S4 S5 N5 N3 S7,943066.6667,16500,2700.773096,3700,1 / 64,0.677307129,0.015625
105,N1 S4 S5 N5 N3 S3,943166.6667,16600,2800.773096,3800,1 / 128,0.685119629,0.0078125
106,N1 S1 N2 N1 S1 N4 S8,943200,16633.33333,2834.106429,3833.333333,1 / 1024,0.686096191,0.000976563
107,N1 N2 S1 S2 N4 N6 S3,943266.6667,16700,2900.773096,3900,1 / 512,0.688049316,0.001953125
108,N1 N2 S5 S4 N1 N2 S5,943266.6667,16700,2900.773096,3900,1 / 128,0.695861816,0.0078125
109,N1 N2 S5 N5 N2 S1 N1 S8,943300,16733.33333,2934.106429,3933.333333,1 / 4096,0.696105957,0.000244141
110,N1 N2 N5 S5 N2 S1 N1 S8,943400,16833.33333,3034.106429,4033.333333,1 / 16384,0.696166992,6.10352E-05
111,N1 S8 N4 S1 N1 N2 S5,943433.3333,16866.66667,3067.439763,4066.666667,1 / 256,0.700073242,0.00390625
112,N1 S1 N2 N1 S1 N2 N5 S7,943466.6667,16900,3100.773096,4100,1 / 8192,0.700195313,0.00012207
113,N1 S1 N2 N5 S5 N2 N1 S8,943566.6667,17000,3200.773096,4200,1 / 8192,0.700317383,0.00012207
114,N1 S1 N4 S2 N3 S3,943600,17033.33333,3234.106429,4233.333333,1 / 256,0.704223633,0.00390625
115,N1 S1 N2 S5 N5 N2 N1 S8,943600,17033.33333,3234.106429,4233.333333,1 / 4096,0.704467773,0.000244141
116,N1 S8 N4 S2 N3 N5 S5,943633.3333,17066.66667,3267.439763,4266.666667,1 / 512,0.706420898,0.001953125
117,N1 S8 N4 N6 S3 N3 S2,943766.6667,17200,3400.773096,4400,1 / 128,0.714233398,0.0078125
118,N1 S1 N4 S8 N1 N2 S5,943766.6667,17200,3400.773096,4400,1 / 256,0.718139648,0.00390625
119,N1 S8 N4 S1 N2 N5 S5,943866.6667,17300,3500.773096,4500,1 / 1024,0.719116211,0.000976563
120,N1 N2 S5 N5 N2 S5 S4,943866.6667,17300,3500.773096,4500,1 / 512,0.721069336,0.001953125
121,N1 S1 N4 S2 N3 S7,943933.3333,17366.66667,3567.439763,4566.666667,1 / 128,0.728881836,0.0078125
122,N1 N2 S5 N5 N2 N1 S1 S2,944066.6667,17500,3700.773096,4700,1 / 2048,0.729370117,0.000488281
123,N1 S1 N2 N5 S7 N7 S3,944100,17533.33333,3734.106429,4733.333333,1 / 1024,0.73034668,0.000976563
124,N1 S8 N4 S2 N3 N5 S7,944100,17533.33333,3734.106429,4733.333333,1 / 512,0.732299805,0.001953125
125,N1 N2 N5 S5 N2 N1 S1 S2,944100,17533.33333,3734.106429,4733.333333,1 / 8192,0.732421875,0.00012207
126,N1 N2 S1 S2 N3 N5 N2 S5,944166.6667,17600,3800.773096,4800,1 / 4096,0.732666016,0.000244141
127,N1 S1 N2 N1 S1 N4 S2,944366.6667,17800,4000.773096,5000,1 / 1024,0.733642578,0.000976563
128,N1 N2 S1 N4 S2 S3,944400,17833.33333,4034.106429,5033.333333,1 / 512,0.735595703,0.001953125
129,N1 S1 N2 N5 S5 N2 N1 S1,944466.6667,17900,4100.773096,5100,1 / 8192,0.735717773,0.00012207
130,N1 S1 N2 S5 N5 N2 N1 S1,944466.6667,17900,4100.773096,5100,1 / 4096,0.735961914,0.000244141
131,N1 S8 N4 S1 N2 N5 S7,944566.6667,18000,4200.773096,5200,1 / 1024,0.736938477,0.000976563
132,N1 N2 S5 N5 N3 S2 S3,944666.6667,18100,4300.773096,5300,1 / 2048,0.737426758,0.000488281
133,N1 N2 N5 N3 S2 S1 N2 S5,944700,18133.33333,4334.106429,5333.333333,1 / 4096,0.737670898,0.000244141
134,N1 N2 S5 N5 N2 S1 N1 S4,944900,18333.33333,4534.106429,5533.333333,1 / 2048,0.73815918,0.000488281
135,N1 N2 S5 N5 N2 S5 S6,944966.6667,18400,4600.773096,5600,1 / 1024,0.739135742,0.000976563
136,N1 N2 N5 S5 N2 S1 N1 S4,945000,18433.33333,4634.106429,5633.333333,1 / 8192,0.739257813,0.00012207
137,N1 S1 N2 N5 S5 N2 N1 S4,945000,18433.33333,4634.106429,5633.333333,1 / 4096,0.739501953,0.000244141
138,N1 N2 S1 N1 S8 N4 N6 S3,945000,18433.33333,4634.106429,5633.333333,1 / 512,0.741455078,0.001953125
139,N1 N2 S5 N5 S7 N3 S2,945033.3333,18466.66667,4667.439763,5666.666667,1 / 2048,0.741943359,0.000488281
140,N1 S1 N2 S5 N5 N2 N1 S4,945033.3333,18466.66667,4667.439763,5666.666667,1 / 2048,0.742431641,0.000488281
141,N1 N2 S1 N1 N2 N5 S7 S6,945166.6667,18600,4800.773096,5800,1 / 8192,0.742553711,0.00012207
142,N1 N2 S1 N1 N2 N5 S5 S4,945200,18633.33333,4834.106429,5833.333333,1 / 8192,0.742675781,0.00012207
143,N1 S1 N2 N1 S8 N4 N6 S3,945233.3333,18666.66667,4867.439763,5866.666667,1 / 256,0.746582031,0.00390625
144,N1 S8 N4 N6 S3 N7 S7,945500,18933.33333,5134.106429,6133.333333,1 / 16,0.809082031,0.0625
145,N1 S1 N2 N5 N3 S7 S6,945600,19033.33333,5234.106429,6233.333333,1 / 512,0.811035156,0.001953125
146,N1 S1 N2 N5 S5 N2 N5 S5,945800,19233.33333,5434.106429,6433.333333,1 / 16384,0.811096191,6.10352E-05
147,N1 N2 S1 N1 N2 S5 N5 S7,945833.3333,19266.66667,5467.439763,6466.666667,1 / 8192,0.811218262,0.00012207
148,N1 N2 S1 N1 N2 S1 N1 N2 S1,945933.3333,19366.66667,5567.439763,6566.666667,1 / 65536,0.811233521,1.52588E-05
149,N1 N2 S1 N1 N2 N5 S5 S6,946066.6667,19500,5700.773096,6700,1 / 16384,0.811294556,6.10352E-05
150,N1 N2 N5 S5 S4 N1 N2 S1,946166.6667,19600,5800.773096,6800,1 / 2048,0.811782837,0.000488281
151,N1 N2 S1 S2 N3 N5 N2 N1 S8,946233.3333,19666.66667,5867.439763,6866.666667,1 / 8192,0.811904907,0.00012207
152,N1 N2 N5 N3 S2 S1 N2 N1 S8,946266.6667,19700,5900.773096,6900,1 / 8192,0.812026978,0.00012207
153,N1 S1 N2 S5 N5 N3 S7,946366.6667,19800,6000.773096,7000,1 / 2048,0.812515259,0.000488281
154,N1 S1 N2 S5 N5 N3 S3,946466.6667,19900,6100.773096,7100,1 / 4096,0.812759399,0.000244141
155,N1 S1 N2 N5 S5 N2 N5 S7,946500,19933.33333,6134.106429,7133.333333,1 / 16384,0.812820435,6.10352E-05
156,N1 N2 S5 N5 S7 N7 S3,946500,19933.33333,6134.106429,7133.333333,1 / 512,0.81477356,0.001953125
157,N1 N2 N5 S7 N3 S2 S3,946666.6667,20100,6300.773096,7300,1 / 4096,0.8150177,0.000244141
158,N1 S1 N4 S2 N3 N5 S5,946866.6667,20300,6500.773096,7500,1 / 1024,0.815994263,0.000976563
159,N1 S1 N4 N6 S3 N3 S2,946966.6667,20400,6600.773096,7600,1 / 256,0.819900513,0.00390625
160,N1 N2 S1 N1 N2 N5 N3 S2 S1,946966.6667,20400,6600.773096,7600,1 / 16384,0.819961548,6.10352E-05
161,N1 S1 N2 N1 S1 N2 N5 N3 S2,947100,20533.33333,6734.106429,7733.333333,1 / 16384,0.820022583,6.10352E-05
162,N1 N2 N5 N3 S2 S1 N1 N2 S1,947100,20533.33333,6734.106429,7733.333333,1 / 16384,0.820083618,6.10352E-05
163,N1 N2 S1 S2 N3 N5 N2 N1 S1,947100,20533.33333,6734.106429,7733.333333,1 / 8192,0.820205688,0.00012207
164,N1 N2 N5 N3 S2 S1 N2 N1 S1,947133.3333,20566.66667,6767.439763,7766.666667,1 / 8192,0.820327759,0.00012207
165,N1 S1 N2 N5 N3 S3 S2,947233.3333,20666.66667,6867.439763,7866.666667,1 / 2048,0.82081604,0.000488281
166,N1 S1 N4 S2 N3 N5 S7,947333.3333,20766.66667,6967.439763,7966.666667,1 / 1024,0.821792603,0.000976563
167,N1 N2 N5 N3 S3 S2 S1,947366.6667,20800,7000.773096,8000,1 / 2048,0.822280884,0.000488281
168,N1 N2 S1 N1 N2 S1 N1 N2 S5,947466.6667,20900,7100.773096,8100,1 / 32768,0.822311401,3.05176E-05
169,N1 N2 S1 N4 S8 N1 N2 S1,947500,20933.33333,7134.106429,8133.333333,1 / 2048,0.822799683,0.000488281
170,N1 N2 S5 S4 N1 N2 N5 S5,947533.3333,20966.66667,7167.439763,8166.666667,1 / 1024,0.823776245,0.000976563
171,N1 N2 N5 S7 N7 S3 S2,947600,21033.33333,7234.106429,8233.333333,1 / 512,0.82572937,0.001953125
172,N1 N2 S1 S2 N3 N5 N2 N1 S4,947633.3333,21066.66667,7267.439763,8266.666667,1 / 4096,0.825973511,0.000244141
173,N1 N2 N5 N3 S2 S1 N2 N1 S4,947666.6667,21100,7300.773096,8300,1 / 4096,0.826217651,0.000244141
174,N1 N2 S5 N5 N2 N1 S4 S5,947666.6667,21100,7300.773096,8300,1 / 256,0.830123901,0.00390625
175,N1 N2 N5 S5 N2 N1 S4 S5,947700,21133.33333,7334.106429,8333.333333,1 / 1024,0.831100464,0.000976563
176,N1 N2 N5 S5 S4 N1 N2 S5,947700,21133.33333,7334.106429,8333.333333,1 / 1024,0.832077026,0.000976563
177,N1 S8 N4 S1 N1 N2 N5 S5,947700,21133.33333,7334.106429,8333.333333,1 / 2048,0.832565308,0.000488281
178,N1 S8 N4 S2 N3 N5 N2 S1,947766.6667,21200,7400.773096,8400,1 / 1024,0.83354187,0.000976563
179,N1 N2 S1 N4 N6 S3 S2,947800,21233.33333,7434.106429,8433.333333,1 / 256,0.83744812,0.00390625
180,N1 S1 N4 S8 N1 N2 N5 S5,948066.6667,21500,7700.773096,8700,1 / 2048,0.837936401,0.000488281
181,N1 S1 N2 N1 S1 N4 N6 S3,948100,21533.33333,7734.106429,8733.333333,1 / 512,0.839889526,0.001953125
182,N1 N2 S5 N5 N3 S7 S6,948166.6667,21600,7800.773096,8800,1 / 512,0.841842651,0.001953125
183,N1 S8 N4 S1 N2 N5 N3 S2,948200,21633.33333,7834.106429,8833.333333,1 / 2048,0.842330933,0.000488281
184,N1 S4 S5 N2 N5 N3 S7,948200,21633.33333,7834.106429,8833.333333,1 / 256,0.846237183,0.00390625
185,N1 N2 N5 S5 N2 N5 S7 S6,948233.3333,21666.66667,7867.439763,8866.666667,1 / 8192,0.846359253,0.00012207
186,N1 N2 S5 S4 N1 N2 N5 S7,948233.3333,21666.66667,7867.439763,8866.666667,1 / 1024,0.847335815,0.000976563
187,N1 N2 N5 S5 N2 N5 S5 S4,948266.6667,21700,7900.773096,8900,1 / 8192,0.847457886,0.00012207
188,N1 S4 S5 N2 N5 N3 S3,948300,21733.33333,7934.106429,8933.333333,1 / 512,0.849411011,0.001953125
189,N1 N2 S1 N1 N2 S1 N4 S8,948366.6667,21800,8000.773096,9000,1 / 8192,0.849533081,0.00012207
190,N1 S1 N2 N5 S7 N3 S3,948400,21833.33333,8034.106429,9033.333333,1 / 2048,0.850021362,0.000488281
191,N1 S8 N4 S1 N1 N2 N5 S7,948400,21833.33333,8034.106429,9033.333333,1 / 2048,0.850509644,0.000488281
192,N1 N2 N5 N3 S2 S1 N1 N2 S5,948633.3333,22066.66667,8267.439763,9266.666667,1 / 8192,0.850631714,0.00012207
193,N1 S1 N4 N6 S3 N7 S7,948733.3333,22166.66667,8367.439763,9366.666667,1 / 32,0.881881714,0.03125
194,N1 S1 N4 S8 N1 N2 N5 S7,948733.3333,22166.66667,8367.439763,9366.666667,1 / 2048,0.882369995,0.000488281
195,N1 N2 S1 N4 S2 N3 S3,948833.3333,22266.66667,8467.439763,9466.666667,1 / 1024,0.883346558,0.000976563
196,N1 S8 N4 S2 N3 N5 N2 S5,948866.6667,22300,8500.773096,9500,1 / 1024,0.88432312,0.000976563
197,N1 N2 S5 N5 N2 S5 N5 S7,948866.6667,22300,8500.773096,9500,1 / 4096,0.884567261,0.000244141
198,N1 N2 N5 N3 S2 S1 N2 N5 S5,948900,22333.33333,8534.106429,9533.333333,1 / 16384,0.884628296,6.10352E-05
199,N1 N2 S1 N4 S8 N1 N2 S5,949000,22433.33333,8634.106429,9633.333333,1 / 1024,0.885604858,0.000976563
200,N1 N2 N5 S5 N2 N5 S5 S6,949100,22533.33333,8734.106429,9733.333333,1 / 16384,0.885665894,6.10352E-05
201,N1 N2 S1 N4 S2 N3 S7,949166.6667,22600,8800.773096,9800,1 / 512,0.887619019,0.001953125
202,N1 S1 N2 N5 N3 S2 N4 S8,949166.6667,22600,8800.773096,9800,1 / 8192,0.887741089,0.00012207
203,N1 N2 N5 N3 S2 S1 N4 S8,949200,22633.33333,8834.106429,9833.333333,1 / 2048,0.88822937,0.000488281
204,N1 N2 N5 N3 S7 S6 S5,949333.3333,22766.66667,8967.439763,9966.666667,1 / 128,0.89604187,0.0078125
205,N1 N2 S5 N5 N2 S1 N1 N2 S1,949400,22833.33333,9034.106429,10033.33333,1 / 16384,0.896102905,6.10352E-05
206,N1 N2 S1 N1 N2 S5 N5 N2 S1,949433.3333,22866.66667,9067.439763,10066.66667,1 / 16384,0.89616394,6.10352E-05
207,N1 N2 S1 N1 N2 N5 S5 N2 S1,949466.6667,22900,9100.773096,10100,1 / 65536,0.896179199,1.52588E-05
208,N1 N2 N5 S5 N2 S1 N1 N2 S1,949500,22933.33333,9134.106429,10133.33333,1 / 65536,0.896194458,1.52588E-05
209,N1 N2 S1 N1 N2 S1 N4 S2,949533.3333,22966.66667,9167.439763,10166.66667,1 / 8192,0.896316528,0.00012207
210,N1 N2 N5 N3 S2 S1 N2 N5 S7,949600,23033.33333,9234.106429,10233.33333,1 / 16384,0.896377563,6.10352E-05
211,N1 N2 S1 N1 N2 S5 N5 N3 S2,949666.6667,23100,9300.773096,10300,1 / 32768,0.896408081,3.05176E-05
212,N1 N2 S5 N5 N3 S3 S2,949800,23233.33333,9434.106429,10433.33333,1 / 2048,0.896896362,0.000488281
213,N1 S8 N4 N6 S3 N3 S7,949833.3333,23266.66667,9467.439763,10466.66667,1 / 64,0.912521362,0.015625
214,N1 N2 N5 N3 S2 S3 N3 S2,949866.6667,23300,9500.773096,10500,1 / 8192,0.912643433,0.00012207
215,N1 N2 N5 S5 N2 N5 N3 S2 S1,950033.3333,23466.66667,9667.439763,10666.66667,1 / 16384,0.912704468,6.10352E-05
216,N1 S1 N2 N5 S5 N2 N5 N3 S2,950133.3333,23566.66667,9767.439763,10766.66667,1 / 32768,0.912734985,3.05176E-05
217,N1 N2 N5 N3 S2 S1 N4 S2,950366.6667,23800,10000.7731,11000,1 / 2048,0.913223267,0.000488281
218,N1 N2 S1 N1 N2 S5 N5 N2 S5,950533.3333,23966.66667,10167.43976,11166.66667,1 / 16384,0.913284302,6.10352E-05
219,N1 N2 N5 N3 S2 N4 S1 S2,950566.6667,24000,10200.7731,11200,1 / 8192,0.913406372,0.00012207
220,N1 N2 S5 N5 S7 N3 S3,950800,24233.33333,10434.10643,11433.33333,1 / 1024,0.914382935,0.000976563
221,N1 S8 N4 S2 N3 N5 N2 N1 S8,950900,24333.33333,10534.10643,11533.33333,1 / 2048,0.914871216,0.000488281
222,N1 N2 S5 N5 N2 S1 N1 N2 S5,950933.3333,24366.66667,10567.43976,11566.66667,1 / 8192,0.914993286,0.00012207
223,N1 S1 N4 S2 N3 N5 N2 S1,951000,24433.33333,10634.10643,11633.33333,1 / 2048,0.915481567,0.000488281
224,N1 N2 N5 S5 N2 S1 N1 N2 S5,951033.3333,24466.66667,10667.43976,11666.66667,1 / 32768,0.915512085,3.05176E-05
225,N1 N2 S5 N5 N2 N1 S1 N2 S5,951033.3333,24466.66667,10667.43976,11666.66667,1 / 8192,0.915634155,0.00012207
226,N1 S1 N2 N5 N3 S7 N5 S5,951066.6667,24500,10700.7731,11700,1 / 4096,0.915878296,0.000244141
227,N1 N2 N5 S5 N2 N1 S1 N2 S5,951066.6667,24500,10700.7731,11700,1 / 32768,0.915908813,3.05176E-05
228,N1 S1 N2 N5 N3 S2 N4 S1,951133.3333,24566.66667,10767.43976,11766.66667,1 / 8192,0.916030884,0.00012207
229,N1 N2 S1 N1 N2 N5 N3 S2 S3,951133.3333,24566.66667,10767.43976,11766.66667,1 / 32768,0.916061401,3.05176E-05
230,N1 S1 N2 N5 S7 N3 N5 S5,951233.3333,24666.66667,10867.43976,11866.66667,1 / 16384,0.916122437,6.10352E-05
231,N1 N2 N5 N3 S2 S3 N7 S7,951600,25033.33333,11234.10643,12233.33333,1 / 1024,0.917098999,0.000976563
232,N1 N2 S1 N1 N2 N5 S7 N3 S2,951666.6667,25100,11300.7731,12300,1 / 65536,0.917114258,1.52588E-05
233,N1 N2 S5 N5 N3 S2 N4 S8,951700,25133.33333,11334.10643,12333.33333,1 / 8192,0.917236328,0.00012207
234,N1 S1 N2 N5 S7 N3 N5 S7,951700,25133.33333,11334.10643,12333.33333,1 / 16384,0.917297363,6.10352E-05
235,N1 N2 S1 N1 N2 S1 N1 N2 N5 S5,951733.3333,25166.66667,11367.43976,12366.66667,1 / 262144,0.917301178,3.8147E-06
236,N1 N2 N5 S7 N3 S3 S2,951766.6667,25200,11400.7731,12400,1 / 2048,0.917789459,0.000488281
237,N1 S8 N4 S2 N3 N5 N2 N1 S1,951800,25233.33333,11434.10643,12433.33333,1 / 2048,0.91827774,0.000488281
238,N1 N2 S5 N5 N2 S1 N4 S8,951833.3333,25266.66667,11467.43976,12466.66667,1 / 2048,0.918766022,0.000488281
239,N1 N2 S5 S4 N1 N2 N5 N3 S2,951866.6667,25300,11500.7731,12500,1 / 2048,0.919254303,0.000488281
240,N1 N2 N5 S5 N2 S1 N4 S8,951933.3333,25366.66667,11567.43976,12566.66667,1 / 8192,0.919376373,0.00012207
241,N1 N2 N5 S7 N7 S3 N3 S2,951933.3333,25366.66667,11567.43976,12566.66667,1 / 4096,0.919620514,0.000244141
242,N1 N2 N5 N3 S2 N4 S8 N1 S1,951966.6667,25400,11600.7731,12600,1 / 8192,0.919742584,0.00012207
243,N1 N2 N5 S5 S4 N1 N2 N5 S5,951966.6667,25400,11600.7731,12600,1 / 8192,0.919864655,0.00012207
244,N1 S8 N4 S1 N1 N2 N5 N3 S2,952033.3333,25466.66667,11667.43976,12666.66667,1 / 4096,0.920108795,0.000244141
245,N1 N2 S1 N4 S2 N3 N5 S5,952100,25533.33333,11734.10643,12733.33333,1 / 4096,0.920352936,0.000244141
246,N1 S1 N4 S2 N3 N5 N2 S5,952100,25533.33333,11734.10643,12733.33333,1 / 2048,0.920841217,0.000488281
247,N1 N2 S1 N4 N6 S3 N3 S2,952200,25633.33333,11834.10643,12833.33333,1 / 1024,0.92181778,0.000976563
248,N1 S8 N4 S2 N3 N5 N2 N1 S4,952333.3333,25766.66667,11967.43976,12966.66667,1 / 1024,0.922794342,0.000976563
249,N1 S1 N4 S8 N1 N2 N5 N3 S2,952400,25833.33333,12034.10643,13033.33333,1 / 4096,0.923038483,0.000244141
250,N1 N2 S1 N1 N2 S1 N1 N2 N5 S7,952433.3333,25866.66667,12067.43976,13066.66667,1 / 262144,0.923042297,3.8147E-06
251,N1 N2 S5 N5 N2 S5 N5 N2 S1,952466.6667,25900,12100.7731,13100,1 / 8192,0.923164368,0.00012207
252,N1 N2 N5 S5 N2 N5 S5 N2 S1,952533.3333,25966.66667,12167.43976,13166.66667,1 / 65536,0.923179626,1.52588E-05
253,N1 N2 S1 N4 S2 N3 N5 S7,952566.6667,26000,12200.7731,13200,1 / 4096,0.923423767,0.000244141
254,N1 N2 S1 N1 N2 N5 S5 N2 N1 S8,952566.6667,26000,12200.7731,13200,1 / 131072,0.923431396,7.62939E-06
255,N1 N2 S1 N1 N2 S5 N5 N2 N1 S8,952600,26033.33333,12234.10643,13233.33333,1 / 32768,0.923461914,3.05176E-05
256,N1 N2 S5 N5 N2 N1 S1 N2 N1 S8,952600,26033.33333,12234.10643,13233.33333,1 / 16384,0.923522949,6.10352E-05
257,N1 N2 N5 S5 N2 N1 S1 N2 N1 S8,952633.3333,26066.66667,12267.43976,13266.66667,1 / 65536,0.923538208,1.52588E-05
258,N1 N2 S5 N5 N2 S5 N5 N3 S2,952666.6667,26100,12300.7731,13300,1 / 16384,0.923599243,6.10352E-05
259,N1 N2 N5 S5 S4 N1 N2 N5 S7,952666.6667,26100,12300.7731,13300,1 / 8192,0.923721313,0.00012207
260,N1 N2 N5 N3 S2 N4 S8 N1 S4,952766.6667,26200,12400.7731,13400,1 / 4096,0.923965454,0.000244141
261,N1 S8 N4 N6 S3 N3 N5 S5,952766.6667,26200,12400.7731,13400,1 / 512,0.925918579,0.001953125
262,N1 S1 N2 N1 S1 N2 N5 N3 S7,952800,26233.33333,12434.10643,13433.33333,1 / 8192,0.926040649,0.00012207
263,N1 N2 N5 N3 S2 S1 N1 N2 N5 S5,952900,26333.33333,12534.10643,13533.33333,1 / 65536,0.926055908,1.52588E-05
264,N1 S1 N2 N1 S1 N2 N5 N3 S3,952900,26333.33333,12534.10643,13533.33333,1 / 16384,0.926116943,6.10352E-05
265,N1 N2 S5 N5 N2 S1 N4 S2,953000,26433.33333,12634.10643,13633.33333,1 / 2048,0.926605225,0.000488281
266,N1 S1 N4 N6 S3 N3 S7,953033.3333,26466.66667,12667.43976,13666.66667,1 / 128,0.934417725,0.0078125
267,N1 N2 N5 S5 N2 S1 N4 S2,953100,26533.33333,12734.10643,13733.33333,1 / 8192,0.934539795,0.00012207
268,N1 N2 S1 N1 N2 N5 S7 N7 S3,953133.3333,26566.66667,12767.43976,13766.66667,1 / 16384,0.93460083,6.10352E-05
269,N1 N2 N5 N3 S2 S1 N2 N5 N3 S2,953233.3333,26666.66667,12867.43976,13866.66667,1 / 32768,0.934631348,3.05176E-05
270,N1 N2 S1 N1 N2 S1 N4 N6 S3,953266.6667,26700,12900.7731,13900,1 / 4096,0.934875488,0.000244141
271,N1 S8 N4 N6 S3 N3 N5 S7,953266.6667,26700,12900.7731,13900,1 / 512,0.936828613,0.001953125
272,N1 S1 N2 N5 N3 S3 N7 S7,953300,26733.33333,12934.10643,13933.33333,1 / 1024,0.937805176,0.000976563
273,N1 N2 S1 N4 S8 N1 N2 N5 S5,953300,26733.33333,12934.10643,13933.33333,1 / 8192,0.937927246,0.00012207
274,N1 S1 N2 N5 N3 S7 N7 S3,953333.3333,26766.66667,12967.43976,13966.66667,1 / 1024,0.938903809,0.000976563
275,N1 N2 N5 S7 N3 N5 S7 S6,953433.3333,26866.66667,13067.43976,14066.66667,1 / 8192,0.939025879,0.00012207
276,N1 N2 S1 N1 N2 N5 S5 N2 N1 S1,953466.6667,26900,13100.7731,14100,1 / 131072,0.939033508,7.62939E-06
277,N1 N2 S1 N1 N2 S5 N5 N2 N1 S1,953466.6667,26900,13100.7731,14100,1 / 32768,0.939064026,3.05176E-05
278,N1 N2 S5 N5 N2 N1 S1 N2 N1 S1,953466.6667,26900,13100.7731,14100,1 / 16384,0.939125061,6.10352E-05
279,N1 N2 N5 S5 N2 N1 S1 N2 N1 S1,953500,26933.33333,13134.10643,14133.33333,1 / 65536,0.93914032,1.52588E-05
280,N1 N2 S5 N5 N2 S5 N5 N2 S5,953566.6667,27000,13200.7731,14200,1 / 8192,0.93926239,0.00012207
281,N1 N2 N5 N3 S2 S1 N1 N2 N5 S7,953600,27033.33333,13234.10643,14233.33333,1 / 65536,0.939277649,1.52588E-05
282,N1 N2 N5 N3 S7 N5 S5 S4,953600,27033.33333,13234.10643,14233.33333,1 / 2048,0.93976593,0.000488281
283,N1 N2 S5 N5 N3 S7 N5 S5,953633.3333,27066.66667,13267.43976,14266.66667,1 / 4096,0.940010071,0.000244141
284,N1 N2 S5 N5 S7 N3 N5 S5,953633.3333,27066.66667,13267.43976,14266.66667,1 / 8192,0.940132141,0.00012207
285,N1 N2 S5 N5 N3 S2 N4 S1,953666.6667,27100,13300.7731,14300,1 / 8192,0.940254211,0.00012207
286,N1 N2 N5 S7 N3 N5 S5 S4,953700,27133.33333,13334.10643,14333.33333,1 / 8192,0.940376282,0.00012207
287,N1 N2 N5 S7 N3 S2 N4 S8,953733.3333,27166.66667,13367.43976,14366.66667,1 / 16384,0.940437317,6.10352E-05
288,N1 S8 N4 S1 N2 N5 N3 S7,953900,27333.33333,13534.10643,14533.33333,1 / 1024,0.941413879,0.000976563
289,N1 N2 S1 N4 N6 S3 N7 S7,953933.3333,27366.66667,13567.43976,14566.66667,1 / 128,0.949226379,0.0078125
290,N1 S1 N2 N5 N3 S2 N4 N6 S3,953966.6667,27400,13600.7731,14600,1 / 4096,0.94947052,0.000244141
291,N1 N2 S1 N4 S8 N1 N2 N5 S7,953966.6667,27400,13600.7731,14600,1 / 8192,0.94959259,0.00012207
292,N1 N2 S5 N5 N2 N1 S8 N4 S2,953966.6667,27400,13600.7731,14600,1 / 2048,0.950080872,0.000488281
293,N1 S8 N4 S1 N2 N5 N3 S3,954000,27433.33333,13634.10643,14633.33333,1 / 2048,0.950569153,0.000488281
294,N1 N2 N5 S5 N2 N1 S8 N4 S2,954000,27433.33333,13634.10643,14633.33333,1 / 8192,0.950691223,0.00012207
295,N1 N2 S1 N1 N2 N5 S5 N2 N1 S4,954000,27433.33333,13634.10643,14633.33333,1 / 65536,0.950706482,1.52588E-05
296,N1 N2 S1 N1 N2 S5 N5 N2 N1 S4,954000,27433.33333,13634.10643,14633.33333,1 / 16384,0.950767517,6.10352E-05
297,N1 N2 S5 N5 N2 N1 S1 N2 N1 S4,954033.3333,27466.66667,13667.43976,14666.66667,1 / 8192,0.950889587,0.00012207
298,N1 N2 N5 S5 N2 N1 S1 N2 N1 S4,954066.6667,27500,13700.7731,14700,1 / 32768,0.950920105,3.05176E-05
299,N1 N2 N5 N3 S2 S1 N4 N6 S3,954100,27533.33333,13734.10643,14733.33333,1 / 1024,0.951896667,0.000976563
300,N1 N2 S5 N5 S7 N3 N5 S7,954100,27533.33333,13734.10643,14733.33333,1 / 8192,0.952018738,0.00012207
301,N1 S1 N4 S2 N3 N5 N2 N1 S8,954166.6667,27600,13800.7731,14800,1 / 4096,0.952262878,0.000244141
302,N1 N2 N5 S5 N2 N5 N3 S2 S3,954166.6667,27600,13800.7731,14800,1 / 32768,0.952293396,3.05176E-05
303,N1 N2 N5 N3 S7 N5 S5 S6,954400,27833.33333,14034.10643,15033.33333,1 / 4096,0.952537537,0.000244141
304,N1 N2 N5 S7 N3 N5 S5 S6,954533.3333,27966.66667,14167.43976,15166.66667,1 / 16384,0.952598572,6.10352E-05
305,N1 N2 S1 N1 N2 N5 N3 S7 S6,954633.3333,28066.66667,14267.43976,15266.66667,1 / 8192,0.952720642,0.00012207
306,N1 N2 N5 S5 N2 N5 S7 N3 S2,954733.3333,28166.66667,14367.43976,15366.66667,1 / 65536,0.952735901,1.52588E-05
307,N1 N2 S5 N5 N2 N1 S8 N4 S1,954766.6667,28200,14400.7731,15400,1 / 2048,0.953224182,0.000488281
308,N1 N2 N5 S5 N2 N1 S8 N4 S1,954800,28233.33333,14434.10643,15433.33333,1 / 8192,0.953346252,0.00012207
309,N1 N2 S1 N1 N2 N5 S5 N2 N5 S5,954800,28233.33333,14434.10643,15433.33333,1 / 262144,0.953350067,3.8147E-06
310,N1 N2 N5 S7 N3 N5 N2 S1 S2,954966.6667,28400,14600.7731,15600,1 / 32768,0.953380585,3.05176E-05
311,N1 N2 N5 N3 S7 N5 N2 S1 S2,955000,28433.33333,14634.10643,15633.33333,1 / 8192,0.953502655,0.00012207
312,N1 S1 N4 S2 N3 N5 N2 N1 S1,955033.3333,28466.66667,14667.43976,15666.66667,1 / 4096,0.953746796,0.000244141
313,N1 N2 S5 N5 N2 S1 N1 N2 N5 S5,955200,28633.33333,14834.10643,15833.33333,1 / 65536,0.953762054,1.52588E-05
314,N1 N2 S5 N5 N2 N1 S1 N2 N5 S5,955266.6667,28700,14900.7731,15900,1 / 32768,0.953792572,3.05176E-05
315,N1 N2 N5 S5 N2 N1 S1 N2 N5 S5,955300,28733.33333,14934.10643,15933.33333,1 / 131072,0.953800201,7.62939E-06
316,N1 N2 N5 S5 N2 S1 N1 N2 N5 S5,955300,28733.33333,14934.10643,15933.33333,1 / 262144,0.953804016,3.8147E-06
317,N1 N2 N5 N3 S3 N7 S7 S6,955300,28733.33333,14934.10643,15933.33333,1 / 512,0.955757141,0.001953125
318,N1 N2 N5 N3 S7 N5 N3 S2 S1,955300,28733.33333,14934.10643,15933.33333,1 / 8192,0.955879211,0.00012207
319,N1 N2 S1 N1 N2 S5 N5 N3 S7,955333.3333,28766.66667,14967.43976,15966.66667,1 / 16384,0.955940247,6.10352E-05
320,N1 S1 N2 N5 N3 S7 N5 N2 S1,955366.6667,28800,15000.7731,16000,1 / 8192,0.956062317,0.00012207
321,N1 S1 N2 N5 S7 N3 N5 N2 S1,955366.6667,28800,15000.7731,16000,1 / 32768,0.956092834,3.05176E-05
322,N1 S1 N2 N5 N3 S7 N5 N3 S2,955366.6667,28800,15000.7731,16000,1 / 16384,0.95615387,6.10352E-05
323,N1 N2 S1 N1 N2 S5 N5 N3 S3,955433.3333,28866.66667,15067.43976,16066.66667,1 / 32768,0.956184387,3.05176E-05
324,N1 N2 S1 N1 N2 N5 S5 N2 N5 S7,955500,28933.33333,15134.10643,16133.33333,1 / 262144,0.956188202,3.8147E-06
325,N1 N2 N5 N3 S3 S2 N3 S3,955533.3333,28966.66667,15167.43976,16166.66667,1 / 4096,0.956432343,0.000244141
326,N1 S1 N4 S2 N3 N5 N2 N1 S4,955566.6667,29000,15200.7731,16200,1 / 2048,0.956920624,0.000488281
327,N1 N2 S5 N5 N2 S5 N5 N2 N1 S8,955600,29033.33333,15234.10643,16233.33333,1 / 16384,0.956981659,6.10352E-05
328,N1 N2 N5 S5 N2 N5 S5 N2 N1 S8,955633.3333,29066.66667,15267.43976,16266.66667,1 / 131072,0.956989288,7.62939E-06
329,N1 N2 N5 N3 S2 N4 S1 N1 S4,955666.6667,29100,15300.7731,16300,1 / 8192,0.957111359,0.00012207
330,N1 N2 N5 S7 N3 S2 N4 S1,955700,29133.33333,15334.10643,16333.33333,1 / 16384,0.957172394,6.10352E-05
331,N1 N2 S5 N5 N2 N1 S1 N4 S8,955700,29133.33333,15334.10643,16333.33333,1 / 4096,0.957416534,0.000244141
332,N1 N2 N5 S5 N2 N1 S1 N4 S8,955733.3333,29166.66667,15367.43976,16366.66667,1 / 16384,0.95747757,6.10352E-05
333,N1 S1 N2 N5 S5 N2 N5 N3 S7,955833.3333,29266.66667,15467.43976,16466.66667,1 / 16384,0.957538605,6.10352E-05
334,N1 N2 N5 N3 S3 S2 N3 S7,955900,29333.33333,15534.10643,16533.33333,1 / 2048,0.958026886,0.000488281
335,N1 N2 S5 N5 N2 S1 N1 N2 N5 S7,955900,29333.33333,15534.10643,16533.33333,1 / 65536,0.958042145,1.52588E-05
336,N1 N2 S5 N5 N3 S3 N7 S7,955900,29333.33333,15534.10643,16533.33333,1 / 1024,0.959018707,0.000976563
337,N1 N2 S5 N5 N3 S7 N7 S3,955900,29333.33333,15534.10643,16533.33333,1 / 1024,0.95999527,0.000976563
338,N1 N2 N5 N3 S2 S3 N3 S7,955933.3333,29366.66667,15567.43976,16566.66667,1 / 4096,0.96023941,0.000244141
339,N1 S1 N2 N5 S5 N2 N5 N3 S3,955933.3333,29366.66667,15567.43976,16566.66667,1 / 32768,0.960269928,3.05176E-05
340,N1 S1 N4 N6 S3 N3 N5 S5,955966.6667,29400,15600.7731,16600,1 / 1024,0.96124649,0.000976563
341,N1 N2 S5 N5 N2 N1 S1 N2 N5 S7,955966.6667,29400,15600.7731,16600,1 / 32768,0.961277008,3.05176E-05
342,N1 N2 N5 S5 N2 N1 S1 N2 N5 S7,956000,29433.33333,15634.10643,16633.33333,1 / 131072,0.961284637,7.62939E-06
343,N1 N2 N5 S5 N2 S1 N1 N2 N5 S7,956000,29433.33333,15634.10643,16633.33333,1 / 262144,0.961288452,3.8147E-06
344,N1 N2 S1 N1 N2 S1 N1 N2 N5 N3 S2,956066.6667,29500,15700.7731,16700,1 / 524288,0.961290359,1.90735E-06
345,N1 N2 N5 S5 N2 N5 S7 N7 S3,956200,29633.33333,15834.10643,16833.33333,1 / 16384,0.961351395,6.10352E-05
346,N1 N2 S1 N4 S2 N3 N5 N2 S1,956233.3333,29666.66667,15867.43976,16866.66667,1 / 8192,0.961473465,0.00012207
347,N1 N2 S1 N1 N2 N5 N3 S3 S2,956233.3333,29666.66667,15867.43976,16866.66667,1 / 32768,0.961503983,3.05176E-05
348,N1 N2 N5 S5 S4 N1 N2 N5 N3 S2,956300,29733.33333,15934.10643,16933.33333,1 / 16384,0.961565018,6.10352E-05
349,N1 N2 N5 N3 S2 S3 N6 N4 S8,956433.3333,29866.66667,16067.43976,17066.66667,1 / 8192,0.961687088,0.00012207
350,N1 S1 N4 N6 S3 N3 N5 S7,956466.6667,29900,16100.7731,17100,1 / 1024,0.962663651,0.000976563
351,N1 S1 N2 N5 N3 S7 N5 N2 S5,956466.6667,29900,16100.7731,17100,1 / 8192,0.962785721,0.00012207
352,N1 S1 N2 N5 S7 N3 N5 N2 S5,956466.6667,29900,16100.7731,17100,1 / 32768,0.962816238,3.05176E-05
353,N1 N2 S5 N5 N3 S2 N4 N6 S3,956500,29933.33333,16134.10643,17133.33333,1 / 4096,0.963060379,0.000244141
354,N1 N2 S5 N5 N2 S5 N5 N2 N1 S1,956500,29933.33333,16134.10643,17133.33333,1 / 16384,0.963121414,6.10352E-05
355,N1 N2 N5 S5 N2 N5 S5 N2 N1 S1,956533.3333,29966.66667,16167.43976,17166.66667,1 / 131072,0.963129044,7.62939E-06
356,N1 N2 S5 N5 N2 S1 N4 N6 S3,956733.3333,30166.66667,16367.43976,17366.66667,1 / 1024,0.964105606,0.000976563
357,N1 N2 N5 S5 N2 S1 N4 N6 S3,956833.3333,30266.66667,16467.43976,17466.66667,1 / 4096,0.964349747,0.000244141
358,N1 N2 N5 N3 S7 N7 S3 S2,956833.3333,30266.66667,16467.43976,17466.66667,1 / 512,0.966302872,0.001953125
359,N1 N2 S5 N5 N2 N1 S1 N4 S2,956866.6667,30300,16500.7731,17500,1 / 4096,0.966547012,0.000244141
360,N1 N2 N5 S5 N2 N1 S1 N4 S2,956900,30333.33333,16534.10643,17533.33333,1 / 16384,0.966608047,6.10352E-05
361,N1 S8 N4 N6 S3 N3 N5 N2 S1,956900,30333.33333,16534.10643,17533.33333,1 / 1024,0.96758461,0.000976563
362,N1 N2 S5 N5 N2 S5 N5 N2 N1 S4,957033.3333,30466.66667,16667.43976,17666.66667,1 / 8192,0.96770668,0.00012207
363,N1 N2 N5 S5 N2 N5 S5 N2 N1 S4,957066.6667,30500,16700.7731,17700,1 / 65536,0.967721939,1.52588E-05
364,N1 N2 N5 N3 S2 S1 N1 N2 N5 N3 S2,957233.3333,30666.66667,16867.43976,17866.66667,1 / 131072,0.967729568,7.62939E-06
365,N1 N2 N5 N3 S2 N4 S8 N1 N2 S1,957300,30733.33333,16934.10643,17933.33333,1 / 32768,0.967760086,3.05176E-05
366,N1 N2 S1 N4 S2 N3 N5 N2 S5,957333.3333,30766.66667,16967.43976,17966.66667,1 / 8192,0.967882156,0.00012207
367,N1 N2 S1 N1 N2 N5 S7 N3 S3,957433.3333,30866.66667,17067.43976,18066.66667,1 / 32768,0.967912674,3.05176E-05
368,N1 N2 N5 N3 S2 S3 N6 N4 S2,957466.6667,30900,17100.7731,18100,1 / 8192,0.968034744,0.00012207
369,N1 N2 N5 N3 S2 N4 N6 S3 S2,957500,30933.33333,17134.10643,18133.33333,1 / 4096,0.968278885,0.000244141
370,N1 N2 S5 S4 N1 N2 N5 N3 S7,957566.6667,31000,17200.7731,18200,1 / 1024,0.969255447,0.000976563
371,N1 N2 S1 N4 S8 N1 N2 N5 N3 S2,957633.3333,31066.66667,17267.43976,18266.66667,1 / 16384,0.969316483,6.10352E-05
372,N1 N2 S5 S4 N1 N2 N5 N3 S3,957666.6667,31100,17300.7731,18300,1 / 2048,0.969804764,0.000488281
373,N1 N2 N5 S5 N2 N5 N3 S7 S6,957700,31133.33333,17334.10643,18333.33333,1 / 8192,0.969926834,0.00012207
374,N1 N2 S5 N5 N2 N1 S8 N4 N6 S3,957733.3333,31166.66667,17367.43976,18366.66667,1 / 1024,0.970903397,0.000976563
375,N1 S8 N4 S1 N1 N2 N5 N3 S7,957733.3333,31166.66667,17367.43976,18366.66667,1 / 2048,0.971391678,0.000488281
376,N1 N2 S5 N5 S7 N3 N5 N2 S1,957766.6667,31200,17400.7731,18400,1 / 16384,0.971452713,6.10352E-05
377,N1 N2 N5 S5 N2 N1 S8 N4 N6 S3,957766.6667,31200,17400.7731,18400,1 / 4096,0.971696854,0.000244141
378,N1 N2 N5 S7 N3 S3 N7 S7,957833.3333,31266.66667,17467.43976,18466.66667,1 / 1024,0.972673416,0.000976563
379,N1 S8 N4 S1 N1 N2 N5 N3 S3,957833.3333,31266.66667,17467.43976,18466.66667,1 / 4096,0.972917557,0.000244141
380,N1 N2 N5 N3 S7 N5 S5 N2 S1,957866.6667,31300,17500.7731,18500,1 / 16384,0.972978592,6.10352E-05
381,N1 N2 N5 S5 N2 N5 S5 N2 N5 S5,957866.6667,31300,17500.7731,18500,1 / 262144,0.972982407,3.8147E-06
382,N1 N2 N5 N3 S2 N4 S1 N2 S5,957900,31333.33333,17534.10643,18533.33333,1 / 32768,0.973012924,3.05176E-05
383,N1 N2 S5 N5 N3 S7 N5 N3 S2,957900,31333.33333,17534.10643,18533.33333,1 / 16384,0.973073959,6.10352E-05
384,N1 N2 S5 N5 N3 S7 N5 N2 S1,957933.3333,31366.66667,17567.43976,18566.66667,1 / 8192,0.97319603,0.00012207
385,N1 N2 N5 S7 N7 S3 N3 S7,957966.6667,31400,17600.7731,18600,1 / 2048,0.973684311,0.000488281
386,N1 N2 N5 S7 N3 N5 S5 N2 S1,957966.6667,31400,17600.7731,18600,1 / 65536,0.97369957,1.52588E-05
387,N1 S8 N4 N6 S3 N3 N5 N2 S5,958033.3333,31466.66667,17667.43976,18666.66667,1 / 1024,0.974676132,0.000976563
388,N1 S1 N4 S8 N1 N2 N5 N3 S7,958100,31533.33333,17734.10643,18733.33333,1 / 2048,0.975164413,0.000488281
389,N1 N2 S1 N1 N2 N5 N3 S2 N4 S8,958166.6667,31600,17800.7731,18800,1 / 131072,0.975172043,7.62939E-06
390,N1 N2 N5 N3 S3 S2 N4 S8,958166.6667,31600,17800.7731,18800,1 / 8192,0.975294113,0.00012207
391,N1 S1 N2 N5 N3 S3 N6 N4 S8,958200,31633.33333,17834.10643,18833.33333,1 / 8192,0.975416183,0.00012207
392,N1 S1 N4 S8 N1 N2 N5 N3 S3,958200,31633.33333,17834.10643,18833.33333,1 / 4096,0.975660324,0.000244141
393,N1 N2 S1 N4 N6 S3 N3 S7,958266.6667,31700,17900.7731,18900,1 / 512,0.977613449,0.001953125
394,N1 N2 N5 S7 N3 N5 N2 S1 N1 S8,958266.6667,31700,17900.7731,18900,1 / 131072,0.977621078,7.62939E-06
395,N1 N2 N5 N3 S2 S3 N6 N4 S1,958366.6667,31800,18000.7731,19000,1 / 4096,0.977865219,0.000244141
396,N1 N2 S5 N5 N2 S5 N5 N3 S7,958366.6667,31800,18000.7731,19000,1 / 8192,0.977987289,0.00012207
397,N1 N2 S5 N5 N2 S5 N5 N3 S3,958466.6667,31900,18100.7731,19100,1 / 16384,0.978048325,6.10352E-05
398,N1 S1 N2 N5 S7 N3 N5 N2 N1 S8,958500,31933.33333,18134.10643,19133.33333,1 / 65536,0.978063583,1.52588E-05
399,N1 N2 N5 S7 N3 S2 N4 N6 S3,958533.3333,31966.66667,18167.43976,19166.66667,1 / 8192,0.978185654,0.00012207
400,N1 S1 N2 N5 N3 S7 N5 N2 N1 S8,958533.3333,31966.66667,18167.43976,19166.66667,1 / 16384,0.978246689,6.10352E-05
401,N1 N2 N5 S7 N7 S3 N6 N4 S8,958566.6667,32000,18200.7731,19200,1 / 4096,0.978490829,0.000244141
402,N1 N2 N5 S5 N2 N5 S5 N2 N5 S7,958566.6667,32000,18200.7731,19200,1 / 262144,0.978494644,3.8147E-06
403,N1 N2 N5 N3 S2 N4 S8 N1 N2 S5,958800,32233.33333,18434.10643,19433.33333,1 / 16384,0.978555679,6.10352E-05
404,N1 N2 N5 N3 S3 S2 N3 N5 S5,958833.3333,32266.66667,18467.43976,19466.66667,1 / 16384,0.978616714,6.10352E-05
405,N1 N2 N5 S7 N3 N5 N2 S5 S4,958833.3333,32266.66667,18467.43976,19466.66667,1 / 16384,0.97867775,6.10352E-05
406,N1 N2 S5 N5 S7 N3 N5 N2 S5,958866.6667,32300,18500.7731,19500,1 / 16384,0.978738785,6.10352E-05
407,N1 N2 N5 N3 S7 N5 N2 S5 S4,958866.6667,32300,18500.7731,19500,1 / 4096,0.978982925,0.000244141
408,N1 N2 N5 N3 S2 S3 N3 N5 S5,958900,32333.33333,18534.10643,19533.33333,1 / 32768,0.979013443,3.05176E-05
409,N1 N2 N5 N3 S2 S1 N2 N5 N3 S7,958933.3333,32366.66667,18567.43976,19566.66667,1 / 16384,0.979074478,6.10352E-05
410,N1 N2 N5 N3 S2 S1 N2 N5 N3 S3,959033.3333,32466.66667,18667.43976,19666.66667,1 / 32768,0.979104996,3.05176E-05
411,N1 N2 N5 S7 N3 N5 N2 N1 S1 S2,959033.3333,32466.66667,18667.43976,19666.66667,1 / 65536,0.979120255,1.52588E-05
412,N1 N2 S5 N5 N3 S7 N5 N2 S5,959033.3333,32466.66667,18667.43976,19666.66667,1 / 8192,0.979242325,0.00012207
413,N1 N2 N5 N3 S7 N5 N2 N1 S1 S2,959066.6667,32500,18700.7731,19700,1 / 16384,0.97930336,6.10352E-05
414,N1 N2 N5 N3 S3 N6 N4 S2 S1,959166.6667,32600,18800.7731,19800,1 / 8192,0.97942543,0.00012207
415,N1 N2 S1 N1 N2 N5 S5 N2 N5 N3 S2,959166.6667,32600,18800.7731,19800,1 / 524288,0.979427338,1.90735E-06
416,N1 S1 N2 N5 N3 S3 N6 N4 S2,959233.3333,32666.66667,18867.43976,19866.66667,1 / 8192,0.979549408,0.00012207
417,N1 N2 N5 N3 S3 S2 N3 N5 S7,959300,32733.33333,18934.10643,19933.33333,1 / 16384,0.979610443,6.10352E-05
418,N1 N2 N5 S5 N2 N5 N3 S3 S2,959300,32733.33333,18934.10643,19933.33333,1 / 32768,0.979640961,3.05176E-05
419,N1 N2 S1 N4 S2 N3 N5 N2 N1 S8,959366.6667,32800,19000.7731,20000,1 / 16384,0.979701996,6.10352E-05
420,N1 N2 N5 N3 S2 S3 N3 N5 S7,959366.6667,32800,19000.7731,20000,1 / 32768,0.979732513,3.05176E-05
421,N1 S1 N2 N5 S7 N3 N5 N2 N1 S1,959366.6667,32800,19000.7731,20000,1 / 65536,0.979747772,1.52588E-05
422,N1 S1 N2 N5 N3 S7 N5 N2 N1 S1,959400,32833.33333,19034.10643,20033.33333,1 / 16384,0.979808807,6.10352E-05
423,N1 N2 N5 N3 S7 N5 N3 S2 S3,959433.3333,32866.66667,19067.43976,20066.66667,1 / 16384,0.979869843,6.10352E-05
424,N1 N2 N5 N3 S2 N4 S1 N2 N1 S8,959466.6667,32900,19100.7731,20100,1 / 65536,0.979885101,1.52588E-05
425,N1 N2 S5 N5 N2 S1 N1 N2 N5 N3 S2,959533.3333,32966.66667,19167.43976,20166.66667,1 / 131072,0.979892731,7.62939E-06
426,N1 N2 N5 N3 S3 N6 N4 S1 S2,959566.6667,33000,19200.7731,20200,1 / 4096,0.980136871,0.000244141
427,N1 N2 N5 S7 N7 S3 N6 N4 S2,959600,33033.33333,19234.10643,20233.33333,1 / 4096,0.980381012,0.000244141
428,N1 N2 S5 N5 N2 N1 S1 N2 N5 N3 S2,959600,33033.33333,19234.10643,20233.33333,1 / 65536,0.980396271,1.52588E-05
429,N1 N2 N5 S5 N2 N1 S1 N2 N5 N3 S2,959633.3333,33066.66667,19267.43976,20266.66667,1 / 262144,0.980400085,3.8147E-06
430,N1 N2 N5 S5 N2 S1 N1 N2 N5 N3 S2,959633.3333,33066.66667,19267.43976,20266.66667,1 / 524288,0.980401993,1.90735E-06
431,N1 N2 N5 S7 N3 N5 N2 S1 N1 S4,959866.6667,33300,19500.7731,20500,1 / 65536,0.980417252,1.52588E-05
432,N1 N2 N5 N3 S7 N5 N2 S1 N1 S4,959900,33333.33333,19534.10643,20533.33333,1 / 16384,0.980478287,6.10352E-05
433,N1 N2 N5 S7 N3 N5 S7 N3 S2,959933.3333,33366.66667,19567.43976,20566.66667,1 / 65536,0.980493546,1.52588E-05
434,N1 N2 N5 S7 N3 N5 N2 S5 S6,959933.3333,33366.66667,19567.43976,20566.66667,1 / 32768,0.980524063,3.05176E-05
435,N1 S1 N2 N5 N3 S7 N5 N2 N1 S4,959933.3333,33366.66667,19567.43976,20566.66667,1 / 8192,0.980646133,0.00012207
436,N1 S1 N2 N5 S7 N3 N5 N2 N1 S4,959933.3333,33366.66667,19567.43976,20566.66667,1 / 32768,0.980676651,3.05176E-05
437,N1 N2 N5 N3 S7 N5 N2 S5 S6,959966.6667,33400,19600.7731,20600,1 / 8192,0.980798721,0.00012207
438,N1 S8 N4 N6 S3 N3 N5 N2 N1 S8,960066.6667,33500,19700.7731,20700,1 / 2048,0.981287003,0.000488281
439,N1 N2 N5 N3 S3 S2 N4 S1,960100,33533.33333,19734.10643,20733.33333,1 / 8192,0.981409073,0.00012207
440,N1 S1 N4 N6 S3 N3 N5 N2 S1,960100,33533.33333,19734.10643,20733.33333,1 / 2048,0.981897354,0.000488281
441,N1 N2 S1 N1 N2 N5 N3 S7 N5 S5,960100,33533.33333,19734.10643,20733.33333,1 / 65536,0.981912613,1.52588E-05
442,N1 N2 S1 N1 N2 N5 N3 S2 N4 S1,960133.3333,33566.66667,19767.43976,20766.66667,1 / 131072,0.981920242,7.62939E-06
443,N1 S1 N2 N5 N3 S3 N6 N4 S1,960133.3333,33566.66667,19767.43976,20766.66667,1 / 4096,0.982164383,0.000244141
444,N1 N2 N5 N3 S2 N4 S1 N1 N2 S1,960166.6667,33600,19800.7731,20800,1 / 65536,0.982179642,1.52588E-05
445,N1 N2 S1 N4 S2 N3 N5 N2 N1 S1,960266.6667,33700,19900.7731,20900,1 / 16384,0.982240677,6.10352E-05
446,N1 N2 S1 N1 N2 N5 S7 N3 N5 S5,960266.6667,33700,19900.7731,20900,1 / 262144,0.982244492,3.8147E-06
447,N1 N2 N5 N3 S2 N4 S1 N2 N1 S1,960333.3333,33766.66667,19967.43976,20966.66667,1 / 65536,0.98225975,1.52588E-05
448,N1 N2 N5 S7 N7 S3 N6 N4 S1,960500,33933.33333,20134.10643,21133.33333,1 / 2048,0.982748032,0.000488281
449,N1 N2 N5 S5 N2 N5 S7 N3 S3,960500,33933.33333,20134.10643,21133.33333,1 / 32768,0.982778549,3.05176E-05
450,N1 N2 S5 N5 N2 N1 S1 N4 N6 S3,960600,34033.33333,20234.10643,21233.33333,1 / 2048,0.98326683,0.000488281
451,N1 N2 N5 S5 N2 N1 S1 N4 N6 S3,960633.3333,34066.66667,20267.43976,21266.66667,1 / 8192,0.983388901,0.00012207
452,N1 N2 S1 N1 N2 N5 S7 N3 N5 S7,960733.3333,34166.66667,20367.43976,21366.66667,1 / 262144,0.983392715,3.8147E-06
453,N1 N2 S5 N5 N3 S3 N6 N4 S8,960766.6667,34200,20400.7731,21400,1 / 8192,0.983514786,0.00012207
454,N1 N2 S1 N4 S2 N3 N5 N2 N1 S4,960800,34233.33333,20434.10643,21433.33333,1 / 8192,0.983636856,0.00012207
455,N1 N2 N5 N3 S3 N7 S7 N5 S5,960800,34233.33333,20434.10643,21433.33333,1 / 4096,0.983880997,0.000244141
456,N1 N2 N5 N3 S2 N4 S1 N2 N1 S4,960900,34333.33333,20534.10643,21533.33333,1 / 32768,0.983911514,3.05176E-05
457,N1 N2 N5 S7 N7 S3 N3 N5 S5,960933.3333,34366.66667,20567.43976,21566.66667,1 / 16384,0.983972549,6.10352E-05
458,N1 N2 S5 N5 S7 N3 N5 N2 N1 S8,960933.3333,34366.66667,20567.43976,21566.66667,1 / 32768,0.984003067,3.05176E-05
459,N1 S8 N4 N6 S3 N3 N5 N2 N1 S1,960933.3333,34366.66667,20567.43976,21566.66667,1 / 2048,0.984491348,0.000488281
460,N1 N2 N5 N3 S7 N5 S5 N2 N1 S8,960966.6667,34400,20600.7731,21600,1 / 32768,0.984521866,3.05176E-05
461,N1 N2 N5 N3 S3 N6 N4 S8 N1 S1,961000,34433.33333,20634.10643,21633.33333,1 / 8192,0.984643936,0.00012207
462,N1 S1 N2 N5 N3 S7 N5 N3 S7,961033.3333,34466.66667,20667.43976,21666.66667,1 / 8192,0.984766006,0.00012207
463,N1 N2 N5 S7 N3 N5 S5 N2 N1 S8,961066.6667,34500,20700.7731,21700,1 / 131072,0.984773636,7.62939E-06
464,N1 N2 S5 N5 N3 S7 N5 N2 N1 S8,961066.6667,34500,20700.7731,21700,1 / 16384,0.984834671,6.10352E-05
465,N1 S1 N2 N5 N3 S7 N5 N3 S3,961133.3333,34566.66667,20767.43976,21766.66667,1 / 16384,0.984895706,6.10352E-05
466,N1 N2 N5 N3 S7 N7 S3 N3 S2,961166.6667,34600,20800.7731,21800,1 / 4096,0.985139847,0.000244141
467,N1 N2 S1 N4 N6 S3 N3 N5 S5,961200,34633.33333,20834.10643,21833.33333,1 / 4096,0.985383987,0.000244141
468,N1 N2 N5 S5 N2 N5 N3 S2 N4 S8,961233.3333,34666.66667,20867.43976,21866.66667,1 / 131072,0.985391617,7.62939E-06
469,N1 S1 N4 N6 S3 N3 N5 N2 S5,961233.3333,34666.66667,20867.43976,21866.66667,1 / 2048,0.985879898,0.000488281
470,N1 N2 N5 S7 N3 N5 S7 N7 S3,961400,34833.33333,21034.10643,22033.33333,1 / 16384,0.985940933,6.10352E-05
471,N1 N2 N5 S7 N7 S3 N3 N5 S7,961433.3333,34866.66667,21067.43976,22066.66667,1 / 16384,0.986001968,6.10352E-05
472,N1 S8 N4 N6 S3 N3 N5 N2 N1 S4,961500,34933.33333,21134.10643,22133.33333,1 / 1024,0.986978531,0.000976563
473,N1 N2 N5 N3 S3 N7 S7 N3 S2,961566.6667,35000,21200.7731,22200,1 / 4096,0.987222672,0.000244141
474,N1 N2 N5 N3 S2 N4 S1 N1 N2 S5,961700,35133.33333,21334.10643,22333.33333,1 / 32768,0.987253189,3.05176E-05
475,N1 N2 S1 N4 N6 S3 N3 N5 S7,961700,35133.33333,21334.10643,22333.33333,1 / 4096,0.98749733,0.000244141
476,N1 N2 S1 N1 N2 S1 N1 N2 N5 N3 S7,961766.6667,35200,21400.7731,22400,1 / 262144,0.987501144,3.8147E-06
477,N1 N2 S5 N5 N3 S3 N6 N4 S2,961800,35233.33333,21434.10643,22433.33333,1 / 8192,0.987623215,0.00012207
478,N1 N2 S5 N5 S7 N3 N5 N2 N1 S1,961800,35233.33333,21434.10643,22433.33333,1 / 32768,0.987653732,3.05176E-05
479,N1 N2 N5 N3 S3 N6 N4 S8 N1 S4,961800,35233.33333,21434.10643,22433.33333,1 / 4096,0.987897873,0.000244141
480,N1 N2 N5 N3 S7 N5 S5 N2 N1 S1,961833.3333,35266.66667,21467.43976,22466.66667,1 / 32768,0.987928391,3.05176E-05
481,N1 N2 S1 N1 N2 S1 N1 N2 N5 N3 S3,961866.6667,35300,21500.7731,22500,1 / 524288,0.987930298,1.90735E-06
482,N1 N2 N5 N3 S2 N4 N6 S3 N3 S2,961900,35333.33333,21534.10643,22533.33333,1 / 16384,0.987991333,6.10352E-05
483,N1 N2 S5 N5 N3 S7 N5 N2 N1 S1,961933.3333,35366.66667,21567.43976,22566.66667,1 / 16384,0.988052368,6.10352E-05
484,N1 N2 N5 S7 N3 N5 S5 N2 N1 S1,961966.6667,35400,21600.7731,22600,1 / 131072,0.988059998,7.62939E-06
485,N1 N2 N5 S5 S4 N1 N2 N5 N3 S7,962000,35433.33333,21634.10643,22633.33333,1 / 8192,0.988182068,0.00012207
486,N1 N2 N5 S5 S4 N1 N2 N5 N3 S3,962100,35533.33333,21734.10643,22733.33333,1 / 16384,0.988243103,6.10352E-05
487,N1 N2 N5 N3 S2 N4 S1 N2 N5 S5,962133.3333,35566.66667,21767.43976,22766.66667,1 / 131072,0.988250732,7.62939E-06
488,N1 N2 N5 S5 N2 N5 S5 N2 N5 N3 S2,962200,35633.33333,21834.10643,22833.33333,1 / 524288,0.98825264,1.90735E-06
489,N1 N2 S1 N1 N2 N5 N3 S3 N7 S7,962300,35733.33333,21934.10643,22933.33333,1 / 16384,0.988313675,6.10352E-05
490,N1 N2 S5 N5 S7 N3 N5 N2 N1 S4,962333.3333,35766.66667,21967.43976,22966.66667,1 / 16384,0.98837471,6.10352E-05
491,N1 N2 S1 N1 N2 N5 N3 S7 N7 S3,962366.6667,35800,22000.7731,23000,1 / 16384,0.988435745,6.10352E-05
492,N1 N2 N5 N3 S7 N5 S5 N2 N1 S4,962366.6667,35800,22000.7731,23000,1 / 16384,0.98849678,6.10352E-05
493,N1 N2 N5 S7 N3 N5 S5 N2 N1 S4,962500,35933.33333,22134.10643,23133.33333,1 / 65536,0.988512039,1.52588E-05
494,N1 N2 S5 N5 N3 S7 N5 N2 N1 S4,962500,35933.33333,22134.10643,23133.33333,1 / 8192,0.988634109,0.00012207
495,N1 N2 N5 S7 N3 N5 N2 N1 S4 S5,962633.3333,36066.66667,22267.43976,23266.66667,1 / 8192,0.98875618,0.00012207
496,N1 N2 N5 N3 S7 N5 N2 N1 S4 S5,962666.6667,36100,22300.7731,23300,1 / 2048,0.989244461,0.000488281
497,N1 N2 S5 N5 N3 S3 N6 N4 S1,962700,36133.33333,22334.10643,23333.33333,1 / 4096,0.989488602,0.000244141
498,N1 N2 N5 S7 N3 S3 N6 N4 S8,962733.3333,36166.66667,22367.43976,23366.66667,1 / 8192,0.989610672,0.00012207
499,N1 N2 N5 N3 S2 N4 S1 N2 N5 S7,962833.3333,36266.66667,22467.43976,23466.66667,1 / 131072,0.989618301,7.62939E-06
500,N1 N2 N5 N3 S3 S2 N4 N6 S3,962933.3333,36366.66667,22567.43976,23566.66667,1 / 4096,0.989862442,0.000244141
501,N1 N2 N5 N3 S2 S1 N1 N2 N5 N3 S7,962933.3333,36366.66667,22567.43976,23566.66667,1 / 65536,0.989877701,1.52588E-05
502,N1 N2 N5 N3 S3 S2 N3 N5 N2 S1,962966.6667,36400,22600.7731,23600,1 / 32768,0.989908218,3.05176E-05
503,N1 N2 S1 N1 N2 N5 N3 S2 N4 N6 S3,962966.6667,36400,22600.7731,23600,1 / 65536,0.989923477,1.52588E-05
504,N1 N2 N5 N3 S7 N5 N3 S7 S6,962966.6667,36400,22600.7731,23600,1 / 4096,0.990167618,0.000244141
505,N1 N2 N5 N3 S2 S3 N3 N5 N2 S1,963033.3333,36466.66667,22667.43976,23666.66667,1 / 65536,0.990182877,1.52588E-05
506,N1 N2 N5 N3 S2 S1 N1 N2 N5 N3 S3,963033.3333,36466.66667,22667.43976,23666.66667,1 / 131072,0.990190506,7.62939E-06
507,N1 N2 N5 N3 S3 N6 N4 S1 N1 S8,963033.3333,36466.66667,22667.43976,23666.66667,1 / 8192,0.990312576,0.00012207
508,N1 N2 N5 N3 S3 N6 N4 S2 S3,963066.6667,36500,22700.7731,23700,1 / 8192,0.990434647,0.00012207
509,N1 N2 N5 N3 S2 N4 S8 N1 N2 N5 S5,963100,36533.33333,22734.10643,23733.33333,1 / 131072,0.990442276,7.62939E-06
510,N1 N2 N5 N3 S7 N5 S5 N2 N5 S5,963166.6667,36600,22800.7731,23800,1 / 65536,0.990457535,1.52588E-05
511,N1 N2 N5 S5 N2 N5 N3 S7 N5 S5,963166.6667,36600,22800.7731,23800,1 / 65536,0.990472794,1.52588E-05
512,N1 N2 N5 S5 N2 N5 N3 S2 N4 S1,963200,36633.33333,22834.10643,23833.33333,1 / 131072,0.990480423,7.62939E-06
513,N1 S1 N4 N6 S3 N3 N5 N2 N1 S8,963266.6667,36700,22900.7731,23900,1 / 4096,0.990724564,0.000244141
514,N1 N2 N5 S7 N3 N5 S5 N2 N5 S5,963300,36733.33333,22934.10643,23933.33333,1 / 262144,0.990728378,3.8147E-06
515,N1 N2 N5 S5 N2 N5 S7 N3 N5 S5,963333.3333,36766.66667,22967.43976,23966.66667,1 / 262144,0.990732193,3.8147E-06
516,N1 N2 S1 N4 S8 N1 N2 N5 N3 S7,963333.3333,36766.66667,22967.43976,23966.66667,1 / 8192,0.990854263,0.00012207
517,N1 N2 S1 N4 S8 N1 N2 N5 N3 S3,963433.3333,36866.66667,23067.43976,24066.66667,1 / 16384,0.990915298,6.10352E-05
518,N1 N2 S5 N5 N3 S7 N5 N3 S7,963600,37033.33333,23234.10643,24233.33333,1 / 8192,0.991037369,0.00012207
519,N1 N2 N5 N3 S2 N4 N6 S3 N7 S7,963633.3333,37066.66667,23267.43976,24266.66667,1 / 2048,0.99152565,0.000488281
520,N1 N2 S5 N5 N3 S7 N5 N3 S3,963700,37133.33333,23334.10643,24333.33333,1 / 16384,0.991586685,6.10352E-05
521,N1 N2 N5 N3 S2 N4 S8 N1 N2 N5 S7,963766.6667,37200,23400.7731,24400,1 / 131072,0.991594315,7.62939E-06
522,N1 N2 N5 S7 N3 S3 N6 N4 S2,963766.6667,37200,23400.7731,24400,1 / 8192,0.991716385,0.00012207
523,N1 N2 N5 S5 N2 N5 S7 N3 N5 S7,963800,37233.33333,23434.10643,24433.33333,1 / 262144,0.9917202,3.8147E-06
524,N1 N2 N5 S7 N3 N5 N2 S5 N5 S7,963833.3333,37266.66667,23467.43976,24466.66667,1 / 131072,0.991727829,7.62939E-06
525,N1 N2 N5 N3 S7 N5 N2 S5 N5 S7,963866.6667,37300,23500.7731,24500,1 / 32768,0.991758347,3.05176E-05
526,N1 N2 N5 N3 S7 N5 S5 N2 N5 S7,963866.6667,37300,23500.7731,24500,1 / 65536,0.991773605,1.52588E-05
527,N1 N2 N5 S7 N3 N5 S5 N2 N5 S7,964000,37433.33333,23634.10643,24633.33333,1 / 262144,0.99177742,3.8147E-06
528,N1 N2 N5 N3 S3 S2 N3 N5 N2 S5,964066.6667,37500,23700.7731,24700,1 / 32768,0.991807938,3.05176E-05
529,N1 N2 N5 N3 S2 S3 N3 N5 N2 S5,964133.3333,37566.66667,23767.43976,24766.66667,1 / 65536,0.991823196,1.52588E-05
530,N1 S1 N4 N6 S3 N3 N5 N2 N1 S1,964133.3333,37566.66667,23767.43976,24766.66667,1 / 4096,0.992067337,0.000244141
531,N1 N2 N5 S7 N3 N5 N2 S1 N1 N2 S1,964366.6667,37800,24000.7731,25000,1 / 524288,0.992069244,1.90735E-06
532,N1 N2 N5 N3 S7 N5 N2 S1 N1 N2 S1,964400,37833.33333,24034.10643,25033.33333,1 / 131072,0.992076874,7.62939E-06
533,N1 N2 S1 N1 N2 N5 N3 S7 N5 N2 S1,964400,37833.33333,24034.10643,25033.33333,1 / 131072,0.992084503,7.62939E-06
534,N1 N2 S1 N1 N2 N5 S7 N3 N5 N2 S1,964400,37833.33333,24034.10643,25033.33333,1 / 524288,0.992086411,1.90735E-06
535,N1 N2 S1 N1 N2 N5 N3 S7 N5 N3 S2,964400,37833.33333,24034.10643,25033.33333,1 / 262144,0.992090225,3.8147E-06
536,N1 N2 N5 N3 S7 N5 N3 S3 S2,964566.6667,38000,24200.7731,25200,1 / 16384,0.99215126,6.10352E-05
537,N1 N2 N5 S7 N3 S3 N6 N4 S1,964666.6667,38100,24300.7731,25300,1 / 4096,0.992395401,0.000244141
538,N1 N2 N5 N3 S3 N6 N4 S1 N1 S4,964666.6667,38100,24300.7731,25300,1 / 4096,0.992639542,0.000244141
539,N1 S1 N4 N6 S3 N3 N5 N2 N1 S4,964700,38133.33333,24334.10643,25333.33333,1 / 2048,0.993127823,0.000488281
540,N1 N2 S1 N1 N2 N5 S5 N2 N5 N3 S7,964833.3333,38266.66667,24467.43976,25466.66667,1 / 262144,0.993131638,3.8147E-06
541,N1 N2 S1 N1 N2 N5 S5 N2 N5 N3 S3,964933.3333,38366.66667,24567.43976,25566.66667,1 / 524288,0.993133545,1.90735E-06
542,N1 N2 N5 S7 N7 S3 N3 N5 N2 S1,965066.6667,38500,24700.7731,25700,1 / 32768,0.993164063,3.05176E-05
543,N1 N2 N5 N3 S3 N7 S7 N5 N3 S2,965066.6667,38500,24700.7731,25700,1 / 16384,0.993225098,6.10352E-05
544,N1 N2 N5 N3 S3 N7 S7 N5 N2 S1,965100,38533.33333,24734.10643,25733.33333,1 / 8192,0.993347168,0.00012207
545,N1 N2 S5 N5 N2 S1 N1 N2 N5 N3 S7,965233.3333,38666.66667,24867.43976,25866.66667,1 / 65536,0.993362427,1.52588E-05
546,N1 N2 S5 N5 N2 N1 S1 N2 N5 N3 S7,965300,38733.33333,24934.10643,25933.33333,1 / 32768,0.993392944,3.05176E-05
547,N1 N2 S1 N4 N6 S3 N3 N5 N2 S1,965333.3333,38766.66667,24967.43976,25966.66667,1 / 8192,0.993515015,0.00012207
548,N1 N2 N5 S5 N2 N1 S1 N2 N5 N3 S7,965333.3333,38766.66667,24967.43976,25966.66667,1 / 131072,0.993522644,7.62939E-06
549,N1 N2 N5 S5 N2 S1 N1 N2 N5 N3 S7,965333.3333,38766.66667,24967.43976,25966.66667,1 / 262144,0.993526459,3.8147E-06
550,N1 N2 S5 N5 N2 S1 N1 N2 N5 N3 S3,965333.3333,38766.66667,24967.43976,25966.66667,1 / 131072,0.993534088,7.62939E-06
551,N1 N2 S5 N5 N2 N1 S1 N2 N5 N3 S3,965400,38833.33333,25034.10643,26033.33333,1 / 65536,0.993549347,1.52588E-05
552,N1 N2 N5 S5 N2 N5 N3 S3 N7 S7,965400,38833.33333,25034.10643,26033.33333,1 / 16384,0.993610382,6.10352E-05
553,N1 N2 N5 S5 N2 N1 S1 N2 N5 N3 S3,965433.3333,38866.66667,25067.43976,26066.66667,1 / 262144,0.993614197,3.8147E-06
554,N1 N2 N5 S5 N2 S1 N1 N2 N5 N3 S3,965433.3333,38866.66667,25067.43976,26066.66667,1 / 524288,0.993616104,1.90735E-06
555,N1 N2 N5 S5 N2 N5 N3 S7 N7 S3,965433.3333,38866.66667,25067.43976,26066.66667,1 / 16384,0.993677139,6.10352E-05
556,N1 N2 S1 N1 N2 N5 N3 S7 N5 N2 S5,965500,38933.33333,25134.10643,26133.33333,1 / 131072,0.993684769,7.62939E-06
557,N1 N2 S1 N1 N2 N5 S7 N3 N5 N2 S5,965500,38933.33333,25134.10643,26133.33333,1 / 524288,0.993686676,1.90735E-06
558,N1 N2 N5 S7 N3 N5 S7 N3 S3,965700,39133.33333,25334.10643,26333.33333,1 / 32768,0.993717194,3.05176E-05
559,N1 N2 N5 S7 N3 N5 N2 S1 N1 N2 S5,965900,39333.33333,25534.10643,26533.33333,1 / 262144,0.993721008,3.8147E-06
560,N1 N2 N5 N3 S7 N5 N2 S1 N1 N2 S5,965933.3333,39366.66667,25567.43976,26566.66667,1 / 65536,0.993736267,1.52588E-05
561,N1 N2 N5 N3 S2 N4 S1 N1 N2 N5 S5,965966.6667,39400,25600.7731,26600,1 / 262144,0.993740082,3.8147E-06
562,N1 N2 N5 S7 N3 N5 N2 N1 S1 N2 S5,966000,39433.33333,25634.10643,26633.33333,1 / 262144,0.993743896,3.8147E-06
563,N1 N2 N5 S5 N2 N5 N3 S2 N4 N6 S3,966033.3333,39466.66667,25667.43976,26666.66667,1 / 65536,0.993759155,1.52588E-05
564,N1 N2 N5 N3 S7 N5 N2 N1 S1 N2 S5,966033.3333,39466.66667,25667.43976,26666.66667,1 / 65536,0.993774414,1.52588E-05
565,N1 N2 N5 N3 S3 S2 N3 N5 N2 N1 S8,966100,39533.33333,25734.10643,26733.33333,1 / 65536,0.993789673,1.52588E-05
566,N1 N2 N5 N3 S2 S3 N3 N5 N2 N1 S8,966200,39633.33333,25834.10643,26833.33333,1 / 131072,0.993797302,7.62939E-06
567,N1 N2 N5 N3 S3 N7 S7 N5 N2 S5,966200,39633.33333,25834.10643,26833.33333,1 / 8192,0.993919373,0.00012207
568,N1 N2 N5 S7 N7 S3 N3 N5 N2 S5,966200,39633.33333,25834.10643,26833.33333,1 / 32768,0.99394989,3.05176E-05
569,N1 N2 N5 N3 S3 N6 N4 S8 N1 N2 S1,966333.3333,39766.66667,25967.43976,26966.66667,1 / 32768,0.993980408,3.05176E-05
570,N1 N2 N5 N3 S2 N4 S1 N2 N5 N3 S2,966466.6667,39900,26100.7731,27100,1 / 262144,0.993984222,3.8147E-06
571,N1 N2 S1 N4 N6 S3 N3 N5 N2 S5,966466.6667,39900,26100.7731,27100,1 / 8192,0.994106293,0.00012207
572,N1 N2 N5 N3 S7 N5 N3 S2 N4 S8,966500,39933.33333,26134.10643,27133.33333,1 / 65536,0.994121552,1.52588E-05
573,N1 N2 N5 N3 S2 N4 S1 N1 N2 N5 S7,966666.6667,40100,26300.7731,27300,1 / 262144,0.994125366,3.8147E-06
574,N1 N2 N5 S7 N3 N5 N2 S1 N4 S8,966800,40233.33333,26434.10643,27433.33333,1 / 65536,0.994140625,1.52588E-05
575,N1 N2 N5 N3 S7 N5 N2 S1 N4 S8,966833.3333,40266.66667,26467.43976,27466.66667,1 / 16384,0.99420166,6.10352E-05
576,N1 N2 N5 N3 S3 N6 N4 S1 N2 S5,966933.3333,40366.66667,26567.43976,27566.66667,1 / 16384,0.994262695,6.10352E-05
577,N1 N2 N5 N3 S3 S2 N3 N5 N2 N1 S1,966966.6667,40400,26600.7731,27600,1 / 65536,0.994277954,1.52588E-05
578,N1 N2 N5 N3 S2 S3 N3 N5 N2 N1 S1,967066.6667,40500,26700.7731,27700,1 / 131072,0.994285583,7.62939E-06
579,N1 N2 N5 N3 S7 N7 S3 N3 S7,967200,40633.33333,26834.10643,27833.33333,1 / 2048,0.994773865,0.000488281
580,N1 N2 S1 N1 N2 N5 N3 S3 N6 N4 S8,967200,40633.33333,26834.10643,27833.33333,1 / 131072,0.994781494,7.62939E-06
581,N1 N2 N5 N3 S3 N7 S7 N3 S3,967333.3333,40766.66667,26967.43976,27966.66667,1 / 2048,0.995269775,0.000488281
582,N1 N2 N5 N3 S2 N4 S8 N1 N2 N5 N3 S2,967433.3333,40866.66667,27067.43976,28066.66667,1 / 262144,0.99527359,3.8147E-06
583,N1 N2 N5 S7 N3 N5 N2 S5 N5 N2 S1,967433.3333,40866.66667,27067.43976,28066.66667,1 / 262144,0.995277405,3.8147E-06
584,N1 N2 N5 S5 N2 N5 N3 S7 N5 N3 S2,967433.3333,40866.66667,27067.43976,28066.66667,1 / 262144,0.995281219,3.8147E-06
585,N1 N2 N5 N3 S7 N5 N2 S5 N5 N2 S1,967466.6667,40900,27100.7731,28100,1 / 65536,0.995296478,1.52588E-05
586,N1 N2 N5 S5 N2 N5 N3 S7 N5 N2 S1,967466.6667,40900,27100.7731,28100,1 / 131072,0.995304108,7.62939E-06
587,N1 N2 N5 S5 N2 N5 S7 N3 N5 N2 S1,967466.6667,40900,27100.7731,28100,1 / 524288,0.995306015,1.90735E-06
588,N1 N2 N5 N3 S7 N5 S5 N2 N5 N3 S2,967500,40933.33333,27134.10643,28133.33333,1 / 131072,0.995313644,7.62939E-06
589,N1 N2 N5 N3 S3 N6 N4 S2 N3 S3,967533.3333,40966.66667,27167.43976,28166.66667,1 / 16384,0.99537468,6.10352E-05
590,N1 N2 N5 N3 S3 S2 N3 N5 N2 N1 S4,967533.3333,40966.66667,27167.43976,28166.66667,1 / 32768,0.995405197,3.05176E-05
591,N1 N2 S1 N1 N2 N5 S7 N3 N5 N2 N1 S8,967533.3333,40966.66667,27167.43976,28166.66667,1 / 1048576,0.995406151,9.53674E-07
592,N1 N2 N5 S7 N3 N5 N2 N1 S1 N2 N1 S8,967566.6667,41000,27200.7731,28200,1 / 524288,0.995408058,1.90735E-06
593,N1 N2 S1 N1 N2 N5 N3 S7 N5 N2 N1 S8,967566.6667,41000,27200.7731,28200,1 / 262144,0.995411873,3.8147E-06
594,N1 N2 N5 N3 S2 S3 N3 N5 N2 N1 S4,967600,41033.33333,27234.10643,28233.33333,1 / 65536,0.995427132,1.52588E-05
595,N1 N2 N5 N3 S7 N5 N2 N1 S1 N2 N1 S8,967600,41033.33333,27234.10643,28233.33333,1 / 131072,0.995434761,7.62939E-06
596,N1 N2 N5 S7 N3 N5 N2 S5 N5 N3 S2,967633.3333,41066.66667,27267.43976,28266.66667,1 / 524288,0.995436668,1.90735E-06
597,N1 N2 N5 S7 N3 N5 S5 N2 N5 N3 S2,967633.3333,41066.66667,27267.43976,28266.66667,1 / 524288,0.995438576,1.90735E-06
598,N1 N2 N5 N3 S7 N5 N2 S5 N5 N3 S2,967666.6667,41100,27300.7731,28300,1 / 131072,0.995446205,7.62939E-06
599,N1 N2 N5 N3 S7 N7 S3 N6 N4 S8,967800,41233.33333,27434.10643,28433.33333,1 / 4096,0.995690346,0.000244141
600,N1 N2 N5 N3 S3 N6 N4 S2 N3 S7,967866.6667,41300,27500.7731,28500,1 / 8192,0.995812416,0.00012207
601,N1 N2 N5 N3 S3 N6 N4 S8 N1 N2 S5,967866.6667,41300,27500.7731,28500,1 / 16384,0.995873451,6.10352E-05
602,N1 N2 N5 S5 N2 N5 S5 N2 N5 N3 S7,967900,41333.33333,27534.10643,28533.33333,1 / 262144,0.995877266,3.8147E-06
603,N1 N2 N5 N3 S2 N4 N6 S3 N3 S7,967966.6667,41400,27600.7731,28600,1 / 8192,0.995999336,0.00012207
604,N1 N2 N5 S7 N3 N5 N2 S1 N4 S2,967966.6667,41400,27600.7731,28600,1 / 65536,0.996014595,1.52588E-05
605,N1 N2 N5 N3 S7 N5 N2 S1 N4 S2,968000,41433.33333,27634.10643,28633.33333,1 / 16384,0.99607563,6.10352E-05
606,N1 N2 N5 S5 N2 N5 S5 N2 N5 N3 S3,968000,41433.33333,27634.10643,28633.33333,1 / 524288,0.996077538,1.90735E-06
607,N1 N2 N5 N3 S3 N7 S7 N5 N2 N1 S8,968233.3333,41666.66667,27867.43976,28866.66667,1 / 16384,0.996138573,6.10352E-05
608,N1 N2 N5 S7 N7 S3 N3 N5 N2 N1 S8,968233.3333,41666.66667,27867.43976,28866.66667,1 / 65536,0.996153831,1.52588E-05
609,N1 N2 S1 N1 N2 N5 N3 S3 N6 N4 S2,968233.3333,41666.66667,27867.43976,28866.66667,1 / 131072,0.996161461,7.62939E-06
610,N1 N2 N5 N3 S7 N5 N3 S7 N5 S5,968433.3333,41866.66667,28067.43976,29066.66667,1 / 32768,0.996191978,3.05176E-05
611,N1 N2 N5 S7 N3 N5 N2 N1 S1 N2 N1 S1,968433.3333,41866.66667,28067.43976,29066.66667,1 / 524288,0.996193886,1.90735E-06
612,N1 N2 S1 N1 N2 N5 N3 S7 N5 N2 N1 S1,968433.3333,41866.66667,28067.43976,29066.66667,1 / 262144,0.996197701,3.8147E-06
613,N1 N2 S1 N1 N2 N5 S7 N3 N5 N2 N1 S1,968433.3333,41866.66667,28067.43976,29066.66667,1 / 1048576,0.996198654,9.53674E-07
614,N1 N2 N5 N3 S7 N5 N3 S2 N4 S1,968466.6667,41900,28100.7731,29100,1 / 65536,0.996213913,1.52588E-05
615,N1 N2 N5 N3 S3 N6 N4 S1 N2 N1 S8,968466.6667,41900,28100.7731,29100,1 / 32768,0.996244431,3.05176E-05
616,N1 N2 N5 N3 S7 N5 N2 N1 S1 N2 N1 S1,968466.6667,41900,28100.7731,29100,1 / 131072,0.99625206,7.62939E-06
617,N1 N2 S1 N4 N6 S3 N3 N5 N2 N1 S8,968500,41933.33333,28134.10643,29133.33333,1 / 16384,0.996313095,6.10352E-05
618,N1 N2 N5 S7 N3 N5 S7 N3 N5 S5,968533.3333,41966.66667,28167.43976,29166.66667,1 / 262144,0.99631691,3.8147E-06
619,N1 N2 N5 S7 N3 N5 N2 S5 N5 N2 S5,968533.3333,41966.66667,28167.43976,29166.66667,1 / 262144,0.996320724,3.8147E-06
620,N1 N2 N5 N3 S7 N5 N2 S5 N5 N2 S5,968566.6667,42000,28200.7731,29200,1 / 65536,0.996335983,1.52588E-05
621,N1 N2 N5 S5 N2 N5 N3 S7 N5 N2 S5,968566.6667,42000,28200.7731,29200,1 / 131072,0.996343613,7.62939E-06
622,N1 N2 N5 S5 N2 N5 S7 N3 N5 N2 S5,968600,42033.33333,28234.10643,29233.33333,1 / 524288,0.99634552,1.90735E-06
623,N1 N2 N5 N3 S7 N7 S3 N6 N4 S2,968833.3333,42266.66667,28467.43976,29466.66667,1 / 4096,0.996589661,0.000244141
624,N1 N2 N5 S7 N3 N5 N2 N1 S8 N4 S2,968933.3333,42366.66667,28567.43976,29566.66667,1 / 65536,0.996604919,1.52588E-05
625,N1 N2 N5 N3 S7 N5 N2 N1 S8 N4 S2,968966.6667,42400,28600.7731,29600,1 / 16384,0.996665955,6.10352E-05
626,N1 N2 S1 N1 N2 N5 N3 S7 N5 N2 N1 S4,968966.6667,42400,28600.7731,29600,1 / 131072,0.996673584,7.62939E-06
627,N1 N2 S1 N1 N2 N5 S7 N3 N5 N2 N1 S4,968966.6667,42400,28600.7731,29600,1 / 524288,0.996675491,1.90735E-06
628,N1 N2 N5 S7 N3 N5 S7 N3 N5 S7,969000,42433.33333,28634.10643,29633.33333,1 / 262144,0.996679306,3.8147E-06
629,N1 N2 N5 S7 N3 N5 N2 N1 S1 N2 N1 S4,969000,42433.33333,28634.10643,29633.33333,1 / 262144,0.996683121,3.8147E-06
630,N1 N2 N5 N3 S7 N5 N2 N1 S1 N2 N1 S4,969033.3333,42466.66667,28667.43976,29666.66667,1 / 65536,0.99669838,1.52588E-05
631,N1 N2 N5 S7 N7 S3 N3 N5 N2 N1 S1,969100,42533.33333,28734.10643,29733.33333,1 / 65536,0.996713638,1.52588E-05
632,N1 N2 N5 N3 S3 N7 S7 N5 N2 N1 S1,969133.3333,42566.66667,28767.43976,29766.66667,1 / 16384,0.996774673,6.10352E-05
633,N1 N2 S1 N1 N2 N5 N3 S3 N6 N4 S1,969133.3333,42566.66667,28767.43976,29766.66667,1 / 65536,0.996789932,1.52588E-05
634,N1 N2 N5 N3 S3 N6 N4 S1 N1 N2 S1,969166.6667,42600,28800.7731,29800,1 / 32768,0.99682045,3.05176E-05
635,N1 N2 N5 N3 S3 N6 N4 S1 N2 N1 S1,969333.3333,42766.66667,28967.43976,29966.66667,1 / 32768,0.996850967,3.05176E-05
636,N1 N2 S1 N4 N6 S3 N3 N5 N2 N1 S1,969366.6667,42800,29000.7731,30000,1 / 16384,0.996912003,6.10352E-05
637,N1 N2 N5 N3 S3 N7 S7 N5 N2 N1 S4,969666.6667,43100,29300.7731,30300,1 / 8192,0.997034073,0.00012207
638,N1 N2 N5 S7 N7 S3 N3 N5 N2 N1 S4,969666.6667,43100,29300.7731,30300,1 / 32768,0.99706459,3.05176E-05
639,N1 N2 N5 N3 S7 N7 S3 N6 N4 S1,969733.3333,43166.66667,29367.43976,30366.66667,1 / 2048,0.997552872,0.000488281
640,N1 N2 N5 S7 N3 N5 N2 N1 S8 N4 S1,969733.3333,43166.66667,29367.43976,30366.66667,1 / 65536,0.99756813,1.52588E-05
641,N1 N2 N5 N3 S7 N5 N2 N1 S8 N4 S1,969766.6667,43200,29400.7731,30400,1 / 16384,0.997629166,6.10352E-05
642,N1 N2 N5 N3 S3 N6 N4 S1 N2 N1 S4,969900,43333.33333,29534.10643,30533.33333,1 / 16384,0.997690201,6.10352E-05
643,N1 N2 S1 N4 N6 S3 N3 N5 N2 N1 S4,969933.3333,43366.66667,29567.43976,30566.66667,1 / 8192,0.997812271,0.00012207
644,N1 N2 S1 N1 N2 N5 N3 S7 N5 N3 S7,970066.6667,43500,29700.7731,30700,1 / 131072,0.997819901,7.62939E-06
645,N1 N2 N5 S7 N3 N5 N2 S1 N1 N2 N5 S5,970166.6667,43600,29800.7731,30800,1 / 2097152,0.997820377,4.76837E-07
646,N1 N2 N5 N3 S3 N7 S7 N3 N5 S5,970166.6667,43600,29800.7731,30800,1 / 16384,0.997881413,6.10352E-05
647,N1 N2 N5 N3 S7 N7 S3 N3 N5 S5,970166.6667,43600,29800.7731,30800,1 / 16384,0.997942448,6.10352E-05
648,N1 N2 S1 N1 N2 N5 N3 S7 N5 N3 S3,970166.6667,43600,29800.7731,30800,1 / 262144,0.997946262,3.8147E-06
649,N1 N2 N5 N3 S7 N5 N2 S1 N1 N2 N5 S5,970200,43633.33333,29834.10643,30833.33333,1 / 524288,0.99794817,1.90735E-06
650,N1 N2 N5 S7 N3 N5 N2 N1 S1 N2 N5 S5,970233.3333,43666.66667,29867.43976,30866.66667,1 / 1048576,0.997949123,9.53674E-07
651,N1 N2 N5 N3 S7 N5 N2 N1 S1 N2 N5 S5,970266.6667,43700,29900.7731,30900,1 / 262144,0.997952938,3.8147E-06
652,N1 N2 N5 S5 N2 N5 N3 S3 N6 N4 S8,970266.6667,43700,29900.7731,30900,1 / 131072,0.997960567,7.62939E-06
653,N1 N2 N5 N3 S2 N4 S1 N1 N2 N5 N3 S2,970300,43733.33333,29934.10643,30933.33333,1 / 524288,0.997962475,1.90735E-06
654,N1 N2 N5 S7 N3 N5 N2 S5 N5 N2 N1 S8,970566.6667,44000,30200.7731,31200,1 / 524288,0.997964382,1.90735E-06
655,N1 N2 N5 N3 S7 N5 N2 S5 N5 N2 N1 S8,970600,44033.33333,30234.10643,31233.33333,1 / 131072,0.997972012,7.62939E-06
656,N1 N2 N5 S5 N2 N5 N3 S7 N5 N2 N1 S8,970600,44033.33333,30234.10643,31233.33333,1 / 262144,0.997975826,3.8147E-06
657,N1 N2 N5 S5 N2 N5 S7 N3 N5 N2 N1 S8,970600,44033.33333,30234.10643,31233.33333,1 / 1048576,0.99797678,9.53674E-07
658,N1 N2 N5 N3 S3 N7 S7 N3 N5 S7,970633.3333,44066.66667,30267.43976,31266.66667,1 / 16384,0.998037815,6.10352E-05
659,N1 N2 N5 N3 S7 N5 N3 S3 N7 S7,970633.3333,44066.66667,30267.43976,31266.66667,1 / 8192,0.998159885,0.00012207
660,N1 N2 N5 N3 S7 N7 S3 N3 N5 S7,970666.6667,44100,30300.7731,31300,1 / 16384,0.998220921,6.10352E-05
661,N1 N2 N5 S7 N3 N5 N2 N1 S1 N4 S8,970666.6667,44100,30300.7731,31300,1 / 131072,0.99822855,7.62939E-06
662,N1 N2 N5 N3 S3 N6 N4 S1 N1 N2 S5,970700,44133.33333,30334.10643,31333.33333,1 / 16384,0.998289585,6.10352E-05
663,N1 N2 N5 N3 S7 N5 N2 N1 S1 N4 S8,970700,44133.33333,30334.10643,31333.33333,1 / 32768,0.998320103,3.05176E-05
664,N1 N2 N5 N3 S7 N5 N3 S7 N7 S3,970700,44133.33333,30334.10643,31333.33333,1 / 8192,0.998442173,0.00012207
665,N1 N2 N5 N3 S3 N7 S7 N5 N3 S7,970766.6667,44200,30400.7731,31400,1 / 8192,0.998564243,0.00012207
666,N1 N2 N5 N3 S3 N6 N4 S2 N3 N5 S5,970800,44233.33333,30434.10643,31433.33333,1 / 65536,0.998579502,1.52588E-05
667,N1 N2 N5 S7 N3 N5 N2 S1 N1 N2 N5 S7,970866.6667,44300,30500.7731,31500,1 / 2097152,0.998579979,4.76837E-07
668,N1 N2 N5 N3 S3 N7 S7 N5 N3 S3,970866.6667,44300,30500.7731,31500,1 / 16384,0.998641014,6.10352E-05
669,N1 N2 N5 N3 S2 N4 N6 S3 N3 N5 S5,970900,44333.33333,30534.10643,31533.33333,1 / 65536,0.998656273,1.52588E-05
670,N1 N2 N5 N3 S7 N5 N2 S1 N1 N2 N5 S7,970900,44333.33333,30534.10643,31533.33333,1 / 524288,0.99865818,1.90735E-06
671,N1 N2 N5 S7 N3 N5 N2 N1 S1 N2 N5 S7,970933.3333,44366.66667,30567.43976,31566.66667,1 / 1048576,0.998659134,9.53674E-07
672,N1 N2 N5 N3 S7 N5 N2 N1 S1 N2 N5 S7,970966.6667,44400,30600.7731,31600,1 / 262144,0.998662949,3.8147E-06
673,N1 N2 N5 N3 S3 N6 N4 S1 N2 N5 S5,971133.3333,44566.66667,30767.43976,31766.66667,1 / 65536,0.998678207,1.52588E-05
674,N1 N2 N5 N3 S3 N6 N4 S2 N3 N5 S7,971300,44733.33333,30934.10643,31933.33333,1 / 65536,0.998693466,1.52588E-05
675,N1 N2 N5 N3 S7 N5 N3 S2 N4 N6 S3,971300,44733.33333,30934.10643,31933.33333,1 / 32768,0.998723984,3.05176E-05
676,N1 N2 N5 S5 N2 N5 N3 S3 N6 N4 S2,971300,44733.33333,30934.10643,31933.33333,1 / 131072,0.998731613,7.62939E-06
677,N1 N2 N5 N3 S2 N4 N6 S3 N3 N5 S7,971400,44833.33333,31034.10643,32033.33333,1 / 65536,0.998746872,1.52588E-05
678,N1 N2 N5 S5 N2 N5 N3 S7 N5 N2 N1 S1,971466.6667,44900,31100.7731,32100,1 / 262144,0.998750687,3.8147E-06
679,N1 N2 N5 S5 N2 N5 S7 N3 N5 N2 N1 S1,971466.6667,44900,31100.7731,32100,1 / 1048576,0.99875164,9.53674E-07
680,N1 N2 N5 S7 N3 N5 N2 S5 N5 N2 N1 S1,971466.6667,44900,31100.7731,32100,1 / 524288,0.998753548,1.90735E-06
681,N1 N2 N5 N3 S7 N5 N2 S5 N5 N2 N1 S1,971500,44933.33333,31134.10643,32133.33333,1 / 131072,0.998761177,7.62939E-06
682,N1 N2 N5 S7 N3 N5 N2 S1 N4 N6 S3,971700,45133.33333,31334.10643,32333.33333,1 / 32768,0.998791695,3.05176E-05
683,N1 N2 N5 N3 S7 N5 N2 S1 N4 N6 S3,971733.3333,45166.66667,31367.43976,32366.66667,1 / 8192,0.998913765,0.00012207
684,N1 N2 N5 N3 S3 N6 N4 S1 N2 N5 S7,971833.3333,45266.66667,31467.43976,32466.66667,1 / 65536,0.998929024,1.52588E-05
685,N1 N2 N5 S7 N3 N5 N2 N1 S1 N4 S2,971833.3333,45266.66667,31467.43976,32466.66667,1 / 131072,0.998936653,7.62939E-06
686,N1 N2 N5 N3 S7 N5 N2 N1 S1 N4 S2,971866.6667,45300,31500.7731,32500,1 / 32768,0.998967171,3.05176E-05
687,N1 N2 N5 S7 N3 N5 N2 S5 N5 N2 N1 S4,972000,45433.33333,31634.10643,32633.33333,1 / 262144,0.998970985,3.8147E-06
688,N1 N2 N5 N3 S7 N5 N2 S5 N5 N2 N1 S4,972033.3333,45466.66667,31667.43976,32666.66667,1 / 65536,0.998986244,1.52588E-05
689,N1 N2 N5 S5 N2 N5 N3 S7 N5 N2 N1 S4,972033.3333,45466.66667,31667.43976,32666.66667,1 / 131072,0.998993874,7.62939E-06
690,N1 N2 N5 S5 N2 N5 S7 N3 N5 N2 N1 S4,972033.3333,45466.66667,31667.43976,32666.66667,1 / 524288,0.998995781,1.90735E-06
691,N1 N2 N5 N3 S3 N6 N4 S8 N1 N2 N5 S5,972133.3333,45566.66667,31767.43976,32766.66667,1 / 131072,0.99900341,7.62939E-06
692,N1 N2 N5 N3 S2 N4 S1 N2 N5 N3 S7,972166.6667,45600,31800.7731,32800,1 / 131072,0.99901104,7.62939E-06
693,N1 N2 N5 S5 N2 N5 N3 S3 N6 N4 S1,972200,45633.33333,31834.10643,32833.33333,1 / 65536,0.999026299,1.52588E-05
694,N1 N2 N5 N3 S2 N4 S1 N2 N5 N3 S3,972266.6667,45700,31900.7731,32900,1 / 262144,0.999030113,3.8147E-06
695,N1 N2 N5 S7 N3 N5 S7 N3 N5 N2 S1,972666.6667,46100,32300.7731,33300,1 / 524288,0.999032021,1.90735E-06
696,N1 N2 N5 S7 N3 N5 N2 N1 S8 N4 N6 S3,972700,46133.33333,32334.10643,33333.33333,1 / 32768,0.999062538,3.05176E-05
697,N1 N2 N5 N3 S7 N5 N3 S7 N5 N2 S1,972733.3333,46166.66667,32367.43976,33366.66667,1 / 65536,0.999077797,1.52588E-05
698,N1 N2 N5 N3 S7 N5 N3 S7 N5 N3 S2,972733.3333,46166.66667,32367.43976,33366.66667,1 / 131072,0.999085426,7.62939E-06
699,N1 N2 N5 N3 S7 N5 N2 N1 S8 N4 N6 S3,972733.3333,46166.66667,32367.43976,33366.66667,1 / 8192,0.999207497,0.00012207
700,N1 N2 N5 N3 S3 N6 N4 S8 N1 N2 N5 S7,972800,46233.33333,32434.10643,33433.33333,1 / 131072,0.999215126,7.62939E-06
701,N1 N2 N5 N3 S2 N4 S8 N1 N2 N5 N3 S7,973133.3333,46566.66667,32767.43976,33766.66667,1 / 131072,0.999222755,7.62939E-06
702,N1 N2 N5 S5 N2 N5 N3 S7 N5 N3 S7,973133.3333,46566.66667,32767.43976,33766.66667,1 / 131072,0.999230385,7.62939E-06
703,N1 N2 N5 N3 S7 N5 S5 N2 N5 N3 S7,973200,46633.33333,32834.10643,33833.33333,1 / 65536,0.999245644,1.52588E-05
704,N1 N2 N5 N3 S2 N4 S8 N1 N2 N5 N3 S3,973233.3333,46666.66667,32867.43976,33866.66667,1 / 262144,0.999249458,3.8147E-06
705,N1 N2 N5 S5 N2 N5 N3 S7 N5 N3 S3,973233.3333,46666.66667,32867.43976,33866.66667,1 / 262144,0.999253273,3.8147E-06
706,N1 N2 N5 N3 S7 N5 S5 N2 N5 N3 S3,973300,46733.33333,32934.10643,33933.33333,1 / 131072,0.999260902,7.62939E-06
707,N1 N2 N5 S7 N3 N5 N2 S5 N5 N3 S7,973333.3333,46766.66667,32967.43976,33966.66667,1 / 262144,0.999264717,3.8147E-06
708,N1 N2 N5 S7 N3 N5 S5 N2 N5 N3 S7,973333.3333,46766.66667,32967.43976,33966.66667,1 / 262144,0.999268532,3.8147E-06
709,N1 N2 N5 N3 S7 N5 N2 S5 N5 N3 S7,973366.6667,46800,33000.7731,34000,1 / 65536,0.999283791,1.52588E-05
710,N1 N2 N5 S7 N3 N5 N2 S5 N5 N3 S3,973433.3333,46866.66667,33067.43976,34066.66667,1 / 524288,0.999285698,1.90735E-06
711,N1 N2 N5 S7 N3 N5 S5 N2 N5 N3 S3,973433.3333,46866.66667,33067.43976,34066.66667,1 / 524288,0.999287605,1.90735E-06
712,N1 N2 N5 N3 S7 N5 N2 S5 N5 N3 S3,973466.6667,46900,33100.7731,34100,1 / 131072,0.999295235,7.62939E-06
713,N1 N2 N5 S7 N3 N5 S7 N3 N5 N2 S5,973766.6667,47200,33400.7731,34400,1 / 524288,0.999297142,1.90735E-06
714,N1 N2 N5 N3 S7 N5 N3 S7 N5 N2 S5,973833.3333,47266.66667,33467.43976,34466.66667,1 / 65536,0.999312401,1.52588E-05
715,N1 N2 N5 N3 S3 N7 S7 N3 N5 N2 S1,974300,47733.33333,33934.10643,34933.33333,1 / 32768,0.999342918,3.05176E-05
716,N1 N2 N5 N3 S7 N7 S3 N3 N5 N2 S1,974300,47733.33333,33934.10643,34933.33333,1 / 32768,0.999373436,3.05176E-05
717,N1 N2 N5 S7 N3 N5 N2 S1 N1 N2 N5 N3 S2,974500,47933.33333,34134.10643,35133.33333,1 / 4194304,0.999373674,2.38419E-07
718,N1 N2 N5 N3 S7 N5 N2 S1 N1 N2 N5 N3 S2,974533.3333,47966.66667,34167.43976,35166.66667,1 / 1048576,0.999374628,9.53674E-07
719,N1 N2 N5 S7 N3 N5 N2 N1 S1 N2 N5 N3 S2,974566.6667,48000,34200.7731,35200,1 / 2097152,0.999375105,4.76837E-07
720,N1 N2 N5 N3 S7 N5 N2 N1 S1 N2 N5 N3 S2,974600,48033.33333,34234.10643,35233.33333,1 / 524288,0.999377012,1.90735E-06
721,N1 N2 N5 N3 S3 N6 N4 S2 N3 N5 N2 S1,974933.3333,48366.66667,34567.43976,35566.66667,1 / 131072,0.999384642,7.62939E-06
722,N1 N2 N5 N3 S3 N6 N4 S1 N1 N2 N5 S5,974966.6667,48400,34600.7731,35600,1 / 131072,0.999392271,7.62939E-06
723,N1 N2 N5 N3 S2 N4 N6 S3 N3 N5 N2 S1,975033.3333,48466.66667,34667.43976,35666.66667,1 / 131072,0.9993999,7.62939E-06
724,N1 N2 N5 N3 S3 N7 S7 N3 N5 N2 S5,975400,48833.33333,35034.10643,36033.33333,1 / 32768,0.999430418,3.05176E-05
725,N1 N2 N5 N3 S7 N7 S3 N3 N5 N2 S5,975433.3333,48866.66667,35067.43976,36066.66667,1 / 32768,0.999460936,3.05176E-05
726,N1 N2 N5 N3 S3 N6 N4 S1 N2 N5 N3 S2,975466.6667,48900,35100.7731,36100,1 / 131072,0.999468565,7.62939E-06
727,N1 N2 N5 N3 S7 N5 N3 S3 N6 N4 S8,975533.3333,48966.66667,35167.43976,36166.66667,1 / 65536,0.999483824,1.52588E-05
728,N1 N2 N5 S7 N3 N5 N2 N1 S1 N4 N6 S3,975566.6667,49000,35200.7731,36200,1 / 65536,0.999499083,1.52588E-05
729,N1 N2 N5 N3 S7 N5 N2 N1 S1 N4 N6 S3,975600,49033.33333,35234.10643,36233.33333,1 / 16384,0.999560118,6.10352E-05
730,N1 N2 N5 N3 S3 N6 N4 S1 N1 N2 N5 S7,975666.6667,49100,35300.7731,36300,1 / 131072,0.999567747,7.62939E-06
731,N1 N2 N5 S7 N3 N5 S7 N3 N5 N2 N1 S8,975800,49233.33333,35434.10643,36433.33333,1 / 1048576,0.999568701,9.53674E-07
732,N1 N2 N5 N3 S7 N5 N3 S7 N5 N2 N1 S8,975900,49333.33333,35534.10643,36533.33333,1 / 131072,0.99957633,7.62939E-06
733,N1 N2 N5 N3 S2 N4 S1 N1 N2 N5 N3 S7,976000,49433.33333,35634.10643,36633.33333,1 / 262144,0.999580145,3.8147E-06
734,N1 N2 N5 N3 S3 N6 N4 S2 N3 N5 N2 S5,976066.6667,49500,35700.7731,36700,1 / 131072,0.999587774,7.62939E-06
735,N1 N2 N5 N3 S2 N4 S1 N1 N2 N5 N3 S3,976100,49533.33333,35734.10643,36733.33333,1 / 524288,0.999589682,1.90735E-06
736,N1 N2 N5 N3 S2 N4 N6 S3 N3 N5 N2 S5,976166.6667,49600,35800.7731,36800,1 / 131072,0.999597311,7.62939E-06
737,N1 N2 N5 N3 S3 N6 N4 S8 N1 N2 N5 N3 S2,976466.6667,49900,36100.7731,37100,1 / 262144,0.999601126,3.8147E-06
738,N1 N2 N5 N3 S7 N5 N3 S3 N6 N4 S2,976566.6667,50000,36200.7731,37200,1 / 65536,0.999616385,1.52588E-05
739,N1 N2 N5 S7 N3 N5 S7 N3 N5 N2 N1 S1,976700,50133.33333,36334.10643,37333.33333,1 / 1048576,0.999617338,9.53674E-07
740,N1 N2 N5 N3 S7 N5 N3 S7 N5 N2 N1 S1,976766.6667,50200,36400.7731,37400,1 / 131072,0.999624968,7.62939E-06
741,N1 N2 N5 S7 N3 N5 S7 N3 N5 N2 N1 S4,977233.3333,50666.66667,36867.43976,37866.66667,1 / 524288,0.999626875,1.90735E-06
742,N1 N2 N5 N3 S7 N5 N3 S7 N5 N2 N1 S4,977300,50733.33333,36934.10643,37933.33333,1 / 65536,0.999642134,1.52588E-05
743,N1 N2 N5 N3 S3 N7 S7 N3 N5 N2 N1 S8,977433.3333,50866.66667,37067.43976,38066.66667,1 / 65536,0.999657393,1.52588E-05
744,N1 N2 N5 N3 S7 N5 N3 S3 N6 N4 S1,977466.6667,50900,37100.7731,38100,1 / 32768,0.99968791,3.05176E-05
745,N1 N2 N5 N3 S7 N7 S3 N3 N5 N2 N1 S8,977466.6667,50900,37100.7731,38100,1 / 65536,0.999703169,1.52588E-05
746,N1 N2 N5 N3 S3 N6 N4 S2 N3 N5 N2 N1 S8,978100,51533.33333,37734.10643,38733.33333,1 / 262144,0.999706984,3.8147E-06
747,N1 N2 N5 N3 S2 N4 N6 S3 N3 N5 N2 N1 S8,978200,51633.33333,37834.10643,38833.33333,1 / 262144,0.999710798,3.8147E-06
748,N1 N2 N5 N3 S3 N7 S7 N3 N5 N2 N1 S1,978333.3333,51766.66667,37967.43976,38966.66667,1 / 65536,0.999726057,1.52588E-05
749,N1 N2 N5 N3 S7 N7 S3 N3 N5 N2 N1 S1,978333.3333,51766.66667,37967.43976,38966.66667,1 / 65536,0.999741316,1.52588E-05
750,N1 N2 N5 N3 S7 N5 N3 S7 N5 N3 S7,978400,51833.33333,38034.10643,39033.33333,1 / 65536,0.999756575,1.52588E-05
751,N1 N2 N5 N3 S7 N5 N3 S7 N5 N3 S3,978533.3333,51966.66667,38167.43976,39166.66667,1 / 131072,0.999764204,7.62939E-06
752,N1 N2 N5 N3 S3 N7 S7 N3 N5 N2 N1 S4,978866.6667,52300,38500.7731,39500,1 / 32768,0.999794722,3.05176E-05
753,N1 N2 N5 N3 S7 N7 S3 N3 N5 N2 N1 S4,978900,52333.33333,38534.10643,39533.33333,1 / 32768,0.999825239,3.05176E-05
754,N1 N2 N5 N3 S3 N6 N4 S2 N3 N5 N2 N1 S1,978966.6667,52400,38600.7731,39600,1 / 262144,0.999829054,3.8147E-06
755,N1 N2 N5 N3 S2 N4 N6 S3 N3 N5 N2 N1 S1,979066.6667,52500,38700.7731,39700,1 / 262144,0.999832869,3.8147E-06
756,N1 N2 N5 N3 S3 N6 N4 S1 N1 N2 N5 N3 S2,979300,52733.33333,38934.10643,39933.33333,1 / 262144,0.999836683,3.8147E-06
757,N1 N2 N5 N3 S3 N6 N4 S2 N3 N5 N2 N1 S4,979500,52933.33333,39134.10643,40133.33333,1 / 131072,0.999844313,7.62939E-06
758,N1 N2 N5 N3 S2 N4 N6 S3 N3 N5 N2 N1 S4,979633.3333,53066.66667,39267.43976,40266.66667,1 / 131072,0.999851942,7.62939E-06
759,N1 N2 N5 S7 N3 N5 N2 S1 N1 N2 N5 N3 S7,980200,53633.33333,39834.10643,40833.33333,1 / 2097152,0.999852419,4.76837E-07
760,N1 N2 N5 N3 S7 N5 N2 S1 N1 N2 N5 N3 S7,980233.3333,53666.66667,39867.43976,40866.66667,1 / 524288,0.999854326,1.90735E-06
761,N1 N2 N5 S7 N3 N5 N2 N1 S1 N2 N5 N3 S7,980266.6667,53700,39900.7731,40900,1 / 1048576,0.99985528,9.53674E-07
762,N1 N2 N5 N3 S7 N5 N2 N1 S1 N2 N5 N3 S7,980300,53733.33333,39934.10643,40933.33333,1 / 262144,0.999859095,3.8147E-06
763,N1 N2 N5 S7 N3 N5 N2 S1 N1 N2 N5 N3 S3,980300,53733.33333,39934.10643,40933.33333,1 / 4194304,0.999859333,2.38419E-07
764,N1 N2 N5 N3 S7 N5 N2 S1 N1 N2 N5 N3 S3,980333.3333,53766.66667,39967.43976,40966.66667,1 / 1048576,0.999860287,9.53674E-07
765,N1 N2 N5 S7 N3 N5 N2 N1 S1 N2 N5 N3 S3,980366.6667,53800,40000.7731,41000,1 / 2097152,0.999860764,4.76837E-07
766,N1 N2 N5 N3 S7 N5 N2 N1 S1 N2 N5 N3 S3,980400,53833.33333,40034.10643,41033.33333,1 / 524288,0.999862671,1.90735E-06
767,N1 N2 N5 N3 S3 N6 N4 S1 N2 N5 N3 S7,981166.6667,54600,40800.7731,41800,1 / 65536,0.99987793,1.52588E-05
768,N1 N2 N5 N3 S3 N6 N4 S1 N2 N5 N3 S3,981266.6667,54700,40900.7731,41900,1 / 131072,0.999885559,7.62939E-06
769,N1 N2 N5 N3 S3 N6 N4 S8 N1 N2 N5 N3 S7,982166.6667,55600,41800.7731,42800,1 / 131072,0.999893188,7.62939E-06
770,N1 N2 N5 N3 S3 N6 N4 S8 N1 N2 N5 N3 S3,982266.6667,55700,41900.7731,42900,1 / 262144,0.999897003,3.8147E-06
771,N1 N2 N5 N3 S3 N6 N4 S1 N1 N2 N5 N3 S7,985000,58433.33333,44634.10643,45633.33333,1 / 131072,0.999904633,7.62939E-06
772,N1 N2 N5 N3 S3 N6 N4 S1 N1 N2 N5 N3 S3,985100,58533.33333,44734.10643,45733.33333,1 / 262144,0.999908447,3.8147E-06
773,N1 N2 N5 N3 S2 N4 S1 N1 S8,987366.6667,60800,47000.7731,48000,1 / 16384,0.999969482,6.10352E-05
774,N1 N2 N5 N3 S7 N5 N2 S1 N1 S8,991633.3333,65066.66667,51267.43976,52266.66667,1 / 32768,1,3.05176E-05
