#,Pattern,Time (seconds),,,,Probability,Cumulative probability,Node map
,,Absolute,vs. best,vs. mean,vs. median,,,
1,N1 S1 S2 S3,24407,0,-14343,-13509,1 / 64,0.015625,0.015625 
2,N1 S4 S5 S6,27874,3467,-10876,-10042,1ŒŽ16“ú,0.078125,0.062500 
3,N1 S1 S2 N3 S7,28745,4338,-10005,-9171,1 / 64,0.09375,0.015625 
4,N1 S1 S2 N3 S3,28762,4355,-9988,-9154,1 / 128,0.101563,0.007813 
5,N1 N2 S1 S2 S3,29661,5254,-9089,-8255,1 / 256,0.105469,0.003906 
6,N1 S1 N2 N1 S1 S2,30013,5606,-8737,-7903,1 / 512,0.107422,0.001953 
7,N1 S1 N2 S5 S4,30293,5886,-8457,-7623,1 / 128,0.115234,0.007813 
8,N1 S8 N4 S2 S1,30598,6191,-8152,-7318,1 / 64,0.130859,0.015625 
9,N1 S1 N2 S5 S6,30910,6503,-7840,-7006,1 / 256,0.134766,0.003906 
10,N1 S4 S5 N2 S1,31227,6820,-7523,-6689,1 / 64,0.150391,0.015625 
11,N1 S8 N4 S1 S2,31232,6825,-7518,-6684,1 / 64,0.166016,0.015625 
12,N1 S1 S2 N4 S8,31516,7109,-7234,-6400,1 / 256,0.169922,0.003906 
13,N1 S1 S2 N3 N5 S5,31655,7248,-7095,-6261,1 / 512,0.171875,0.001953 
14,N1 S4 S5 N5 S7,31801,7394,-6949,-6115,1 / 32,0.203125,0.031250 
15,N1 S1 S2 N3 N5 S7,32332,7925,-6418,-5584,1 / 512,0.205078,0.001953 
16,N1 N2 S5 S6 S7,33195,8788,-5555,-4721,1 / 32,0.236328,0.031250 
17,N1 S1 N4 S2 S1,33301,8894,-5449,-4615,1 / 128,0.248047,0.007813 
17,N1 S1 S2 N4 S1,33301,8894,-5449,-4615,1 / 256,0.248047,0.003906 
19,N1 N2 S1 N1 S4 S5,33833,9426,-4917,-4083,1 / 128,0.271484,0.007813 
19,N1 S1 N2 N1 S4 S5,33833,9426,-4917,-4083,1 / 64,0.271484,0.015625 
21,N1 N2 S1 S2 N3 S7,33999,9592,-4751,-3917,1 / 256,0.275391,0.003906 
22,N1 N2 S1 S2 N3 S3,34016,9609,-4734,-3900,1 / 512,0.277344,0.001953 
23,N1 S1 N2 N5 S7 S6,34163,9756,-4587,-3753,1 / 512,0.279297,0.001953 
24,N1 S8 N4 S2 S3,34334,9927,-4416,-3582,1 / 64,0.294922,0.015625 
25,N1 S1 N2 N5 S5 S4,34337,9930,-4413,-3579,1 / 512,0.296875,0.001953 
26,N1 N2 S5 S4 N1 S8,34563,10156,-4187,-3353,1 / 64,0.320313,0.015625 
26,N1 S4 S5 N2 N1 S8,34563,10156,-4187,-3353,1 / 128,0.320313,0.007813 
28,N1 S8 N4 S1 N1 S8,34685,10278,-4065,-3231,1 / 128,0.328125,0.007813 
29,N1 S1 N2 S5 N5 S7,34837,10430,-3913,-3079,1 / 1024,0.329102,0.000977 
30,N1 S1 N2 N5 S5 S6,34954,10547,-3796,-2962,1 / 1024,0.330078,0.000977 
31,N1 N2 S1 N1 N2 S1 S2,35267,10860,-3483,-2649,1 / 4096,0.330322,0.000244 
32,N1 S4 S5 N5 N2 S1,35271,10864,-3479,-2645,1 / 64,0.345947,0.015625 
33,N1 S4 S5 N5 N3 S2,35355,10948,-3395,-2561,1 / 128,0.35376,0.007813 
34,N1 N2 S5 S4 N1 S1,35515,11108,-3235,-2401,1 / 32,0.392822,0.031250 
34,N1 S4 S5 N2 N1 S1,35515,11108,-3235,-2401,1 / 128,0.392822,0.007813 
36,N1 S1 N4 S8 N1 S1,35637,11230,-3113,-2279,1 / 128,0.400635,0.007813 
37,N1 S1 N2 N5 N3 S2 S1,35802,11395,-2948,-2114,1 / 1024,0.402588,0.000977 
37,N1 S1 S2 N3 N5 N2 S1,35802,11395,-2948,-2114,1 / 1024,0.402588,0.000977 
39,N1 S1 S2 N4 N6 S3,36303,11896,-2447,-1613,1 / 128,0.4104,0.007813 
40,N1 S4 S5 N2 N1 S4,36399,11992,-2351,-1517,1 / 64,0.426025,0.015625 
41,N1 S1 N4 S8 N1 S4,36521,12114,-2229,-1395,1 / 64,0.457275,0.015625 
41,N1 S8 N4 S1 N1 S4,36521,12114,-2229,-1395,1 / 64,0.457275,0.015625 
43,N1 S4 S5 N2 N5 S5,36756,12349,-1994,-1160,1 / 256,0.476807,0.003906 
43,N1 S4 S5 N5 N2 S5,36756,12349,-1994,-1160,1 / 64,0.476807,0.015625 
45,N1 N2 S1 S2 N4 S8,36770,12363,-1980,-1146,1 / 1024,0.477783,0.000977 
46,N1 S1 N2 N1 S1 N2 S5,36869,12462,-1881,-1047,1 / 2048,0.478271,0.000488 
47,N1 N2 S1 S2 N3 N5 S5,36909,12502,-1841,-1007,1 / 2048,0.47876,0.000488 
48,N1 N2 S5 N5 S7 S6,36952,12545,-1798,-964,1 / 256,0.482666,0.003906 
49,N1 S1 N4 S2 S3,37037,12630,-1713,-879,1 / 128,0.490479,0.007813 
50,N1 N2 N5 S5 S6 S7,37239,12832,-1511,-677,1 / 256,0.494385,0.003906 
51,N1 S1 S2 N3 N5 N2 S5,37287,12880,-1463,-629,1 / 1024,0.495361,0.000977 
52,N1 S4 S5 N2 N5 S7,37433,13026,-1317,-483,1 / 256,0.499268,0.003906 
53,N1 N2 S1 S2 N3 N5 S7,37586,13179,-1164,-330,1 / 2048,0.499756,0.000488 
54,N1 N2 N5 S7 S6 S5,37916,13509,-834,0,1 / 128,0.507568,0.007813 
55,N1 S8 N4 N6 S3 S2,37921,13514,-829,5,1 / 32,0.538818,0.031250 
56,N1 S8 N4 S1 N2 S5,38088,13681,-662,172,1 / 256,0.542725,0.003906 
57,N1 N2 N5 S5 N2 S1 S2,38190,13783,-560,274,1 / 4096,0.543945,0.000244 
57,N1 N2 S5 N5 N2 S1 S2,38190,13783,-560,274,1 / 1024,0.543945,0.000977 
59,N1 S1 N2 N5 S5 N2 S1,38307,13900,-443,391,1 / 4096,0.544678,0.000244 
59,N1 S1 N2 S5 N5 N2 S1,38307,13900,-443,391,1 / 2048,0.544678,0.000488 
61,N1 S1 N2 S5 N5 N3 S2,38391,13984,-359,475,1 / 4096,0.544922,0.000244 
62,N1 N2 S1 N4 S2 S1,38555,14148,-195,639,1 / 512,0.547852,0.001953 
62,N1 N2 S1 S2 N4 S1,38555,14148,-195,639,1 / 1024,0.547852,0.000977 
64,N1 N2 S5 N5 N3 S2 S1,38591,14184,-159,675,1 / 1024,0.548828,0.000977 
65,N1 N2 N5 S5 S4 N1 S8,38607,14200,-143,691,1 / 512,0.558594,0.001953 
65,N1 S4 S5 N5 N2 N1 S8,38607,14200,-143,691,1 / 128,0.558594,0.007813 
67,N1 S8 N4 S2 N3 S7,38672,14265,-78,756,1 / 64,0.574219,0.015625 
68,N1 S8 N4 S2 N3 S3,38689,14282,-61,773,1 / 128,0.582031,0.007813 
69,N1 N2 S1 N1 N2 S1 N1 S8,38720,14313,-30,804,1 / 16384,0.582336,0.000061 
69,N1 S1 N2 N1 S1 N2 N1 S8,38720,14313,-30,804,1 / 4096,0.582336,0.000244 
71,N1 N2 N5 N3 S2 S1 N1 S8,39138,14731,388,1222,1 / 4096,0.583069,0.000244 
71,N1 S1 S2 N3 N5 N2 N1 S8,39138,14731,388,1222,1 / 2048,0.583069,0.000488 
73,N1 S1 N2 N5 N3 S2 S3,39538,15131,788,1622,1 / 2048,0.583557,0.000488 
74,N1 N2 N5 S5 S4 N1 S1,39559,15152,809,1643,1 / 256,0.595276,0.003906 
74,N1 S4 S5 N5 N2 N1 S1,39559,15152,809,1643,1 / 128,0.595276,0.007813 
76,N1 S1 N2 N1 S1 N2 N1 S1,39672,15265,922,1756,1 / 4096,0.59552,0.000244 
77,N1 S1 N2 S5 N5 N2 S5,39792,15385,1042,1876,1 / 2048,0.596008,0.000488 
78,N1 N2 S1 N1 N2 S5 S4,39835,15428,1085,1919,1 / 1024,0.596985,0.000977 
79,N1 S8 N4 S1 N2 N1 S8,39939,15532,1189,2023,1 / 512,0.598938,0.001953 
80,N1 N2 S1 N1 S8 N4 S2,39940,15533,1190,2024,1 / 1024,0.601868,0.000977 
80,N1 S1 N2 N1 S8 N4 S2,39940,15533,1190,2024,1 / 512,0.601868,0.001953 
82,N1 S1 S2 N3 N5 N2 N1 S1,40090,15683,1340,2174,1 / 2048,0.602356,0.000488 
83,N1 S1 N2 N5 S7 N3 S2,40202,15795,1452,2286,1 / 4096,0.6026,0.000244 
84,N1 N2 N5 S7 N3 S2 S1,40402,15995,1652,2486,1 / 2048,0.603088,0.000488 
85,N1 S4 S5 N5 N2 N1 S4,40443,16036,1693,2527,1 / 64,0.618713,0.015625 
86,N1 N2 S1 N1 N2 S5 S6,40452,16045,1702,2536,1 / 2048,0.619202,0.000488 
87,N1 N2 S1 N1 N2 S1 N1 S4,40556,16149,1806,2640,1 / 8192,0.619812,0.000122 
87,N1 S1 N2 N1 S1 N2 N1 S4,40556,16149,1806,2640,1 / 2048,0.619812,0.000488 
89,N1 S1 N4 N6 S3 S2,40624,16217,1874,2708,1 / 64,0.635437,0.015625 
90,N1 N2 S5 S4 N1 N2 S1,40769,16362,2019,2853,1 / 256,0.639343,0.003906 
91,N1 N2 S1 N1 S8 N4 S1,40891,16484,2141,2975,1 / 1024,0.650085,0.000977 
91,N1 N2 S1 N4 S8 N1 S1,40891,16484,2141,2975,1 / 512,0.650085,0.001953 
91,N1 S1 N2 N1 S8 N4 S1,40891,16484,2141,2975,1 / 512,0.650085,0.001953 
91,N1 S1 N4 S8 N1 N2 S1,40891,16484,2141,2975,1 / 512,0.650085,0.001953 
91,N1 S8 N4 S1 N1 N2 S1,40891,16484,2141,2975,1 / 512,0.650085,0.001953 
91,N1 S8 N4 S1 N2 N1 S1,40891,16484,2141,2975,1 / 512,0.650085,0.001953 
97,N1 S1 N2 N1 S1 N2 N5 S5,40913,16506,2163,2997,1 / 8192,0.650208,0.000122 
98,N1 N2 N5 N3 S2 S1 N1 S4,40974,16567,2224,3058,1 / 2048,0.651672,0.000488 
98,N1 S1 S2 N3 N5 N2 N1 S4,40974,16567,2224,3058,1 / 1024,0.651672,0.000977 
100,N1 S4 S5 N2 N5 N3 S2,40987,16580,2237,3071,1 / 512,0.653625,0.001953 
101,N1 N2 S1 S2 N3 N5 N2 S1,41056,16649,2306,3140,1 / 4096,0.65387,0.000244 
102,N1 S4 S5 N5 N3 S7,41360,16953,2610,3444,1 / 64,0.669495,0.015625 
103,N1 S1 N4 S2 N3 S7,41375,16968,2625,3459,1 / 128,0.677307,0.007813 
104,N1 S4 S5 N5 N3 S3,41377,16970,2627,3461,1 / 128,0.68512,0.007813 
105,N1 S1 N4 S2 N3 S3,41392,16985,2642,3476,1 / 256,0.689026,0.003906 
106,N1 N2 S1 S2 N4 N6 S3,41557,17150,2807,3641,1 / 512,0.690979,0.001953 
107,N1 S8 N4 S2 N3 N5 S5,41582,17175,2832,3666,1 / 512,0.692932,0.001953 
108,N1 S1 N2 N1 S1 N2 N5 S7,41590,17183,2840,3674,1 / 8192,0.693054,0.000122 
109,N1 N2 N5 S5 N2 S1 N1 S8,41643,17236,2893,3727,1 / 16384,0.693726,0.000061 
109,N1 N2 S5 N5 N2 S1 N1 S8,41643,17236,2893,3727,1 / 4096,0.693726,0.000244 
109,N1 S1 N2 N5 S5 N2 N1 S8,41643,17236,2893,3727,1 / 8192,0.693726,0.000122 
109,N1 S1 N2 S5 N5 N2 N1 S8,41643,17236,2893,3727,1 / 4096,0.693726,0.000244 
113,N1 N2 S1 N4 S8 N1 S4,41775,17368,3025,3859,1 / 256,0.701538,0.003906 
113,N1 S8 N4 S1 N2 N1 S4,41775,17368,3025,3859,1 / 256,0.701538,0.003906 
115,N1 S1 N2 N1 S1 N4 S8,41809,17402,3059,3893,1 / 1024,0.702515,0.000977 
116,N1 S1 N2 N5 S7 N7 S3,42071,17664,3321,4155,1 / 1024,0.703491,0.000977 
117,N1 S8 N4 S1 N2 N5 S5,42132,17725,3382,4216,1 / 1024,0.704468,0.000977 
118,N1 N2 S5 S4 N1 N2 S5,42254,17847,3504,4338,1 / 128,0.71228,0.007813 
119,N1 S8 N4 S2 N3 N5 S7,42259,17852,3509,4343,1 / 512,0.714233,0.001953 
120,N1 S8 N4 N6 S3 N3 S2,42276,17869,3526,4360,1 / 128,0.722046,0.007813 
121,N1 N2 S1 N4 S2 S3,42291,17884,3541,4375,1 / 512,0.723999,0.001953 
122,N1 N2 S5 N5 N3 S2 S3,42327,17920,3577,4411,1 / 2048,0.724487,0.000488 
123,N1 S1 N4 S8 N1 N2 S5,42376,17969,3626,4460,1 / 256,0.7323,0.003906 
123,N1 S8 N4 S1 N1 N2 S5,42376,17969,3626,4460,1 / 256,0.7323,0.003906 
125,N1 N2 N5 S5 N2 N1 S1 S2,42478,18071,3728,4562,1 / 8192,0.73291,0.000122 
125,N1 N2 S5 N5 N2 N1 S1 S2,42478,18071,3728,4562,1 / 2048,0.73291,0.000488 
127,N1 N2 N5 N3 S2 S1 N2 S5,42541,18134,3791,4625,1 / 4096,0.733398,0.000244 
127,N1 N2 S1 S2 N3 N5 N2 S5,42541,18134,3791,4625,1 / 4096,0.733398,0.000244 
129,N1 S1 N2 N5 S5 N2 N1 S1,42595,18188,3845,4679,1 / 8192,0.733765,0.000122 
129,N1 S1 N2 S5 N5 N2 N1 S1,42595,18188,3845,4679,1 / 4096,0.733765,0.000244 
131,N1 S1 N2 N1 S1 N4 S2,42643,18236,3893,4727,1 / 1024,0.734741,0.000977 
132,N1 N2 S5 N5 N2 S5 S4,42758,18351,4008,4842,1 / 512,0.736694,0.001953 
133,N1 S8 N4 S1 N2 N5 S7,42809,18402,4059,4893,1 / 1024,0.737671,0.000977 
134,N1 N2 S5 N5 S7 N3 S2,42991,18584,4241,5075,1 / 2048,0.738159,0.000488 
135,N1 N2 S5 N5 N2 S5 S6,43375,18968,4625,5459,1 / 1024,0.739136,0.000977 
136,N1 N2 N5 S5 N2 S1 N1 S4,43479,19072,4729,5563,1 / 8192,0.740479,0.000122 
136,N1 N2 S5 N5 N2 S1 N1 S4,43479,19072,4729,5563,1 / 2048,0.740479,0.000488 
136,N1 S1 N2 N5 S5 N2 N1 S4,43479,19072,4729,5563,1 / 4096,0.740479,0.000244 
136,N1 S1 N2 S5 N5 N2 N1 S4,43479,19072,4729,5563,1 / 2048,0.740479,0.000488 
140,N1 N2 S1 N1 N2 N5 S7 S6,43705,19298,4955,5789,1 / 8192,0.740601,0.000122 
141,N1 S1 N2 N5 N3 S7 S6,43722,19315,4972,5806,1 / 512,0.742554,0.001953 
142,N1 S1 N2 N5 S5 N2 N5 S5,43836,19429,5086,5920,1 / 16384,0.742615,0.000061 
143,N1 N2 S1 N1 N2 N5 S5 S4,43879,19472,5129,5963,1 / 8192,0.742737,0.000122 
144,N1 N2 S1 N1 S8 N4 N6 S3,43893,19486,5143,5977,1 / 512,0.748596,0.001953 
144,N1 S1 N2 N1 S8 N4 N6 S3,43893,19486,5143,5977,1 / 256,0.748596,0.003906 
146,N1 S8 N4 N6 S3 N7 S7,44128,19721,5378,6212,1ŒŽ16“ú,0.811096,0.062500 
147,N1 N2 N5 S7 N3 S2 S3,44138,19731,5388,6222,1 / 4096,0.81134,0.000244 
148,N1 S1 N4 S2 N3 N5 S5,44285,19878,5535,6369,1 / 1024,0.812317,0.000977 
149,N1 N2 S1 N1 N2 S5 N5 S7,44379,19972,5629,6463,1 / 8192,0.812439,0.000122 
150,N1 N2 N5 N3 S2 S1 N2 N1 S8,44392,19985,5642,6476,1 / 8192,0.812683,0.000122 
150,N1 N2 S1 S2 N3 N5 N2 N1 S8,44392,19985,5642,6476,1 / 8192,0.812683,0.000122 
152,N1 S1 N2 S5 N5 N3 S7,44396,19989,5646,6480,1 / 2048,0.813171,0.000488 
153,N1 S1 N2 S5 N5 N3 S3,44413,20006,5663,6497,1 / 4096,0.813416,0.000244 
154,N1 N2 S1 N1 N2 N5 S5 S6,44496,20089,5746,6580,1 / 16384,0.813477,0.000061 
155,N1 S1 N2 N5 S5 N2 N5 S7,44513,20106,5763,6597,1 / 16384,0.813538,0.000061 
156,N1 N2 N5 S5 S4 N1 N2 S1,44813,20406,6063,6897,1 / 2048,0.814026,0.000488 
157,N1 N2 S5 N5 S7 N7 S3,44860,20453,6110,6944,1 / 512,0.815979,0.001953 
158,N1 N2 S1 N1 N2 S1 N1 N2 S1,44926,20519,6176,7010,1 / 65536,0.815994,0.000015 
159,N1 S1 N4 S2 N3 N5 S7,44962,20555,6212,7046,1 / 1024,0.816971,0.000977 
160,N1 S1 N4 N6 S3 N3 S2,44979,20572,6229,7063,1 / 256,0.820877,0.003906 
161,N1 S1 N2 N1 S1 N2 N5 N3 S2,45144,20737,6394,7228,1 / 16384,0.820938,0.000061 
162,N1 S1 N2 N5 N3 S3 S2,45194,20787,6444,7278,1 / 2048,0.821426,0.000488 
163,N1 N2 N5 N3 S2 S1 N1 N2 S1,45344,20937,6594,7428,1 / 16384,0.821793,0.000061 
163,N1 N2 N5 N3 S2 S1 N2 N1 S1,45344,20937,6594,7428,1 / 8192,0.821793,0.000122 
163,N1 N2 S1 N1 N2 N5 N3 S2 S1,45344,20937,6594,7428,1 / 16384,0.821793,0.000061 
163,N1 N2 S1 S2 N3 N5 N2 N1 S1,45344,20937,6594,7428,1 / 8192,0.821793,0.000122 
167,N1 N2 N5 N3 S3 S2 S1,45394,20987,6644,7478,1 / 2048,0.822281,0.000488 
168,N1 N2 N5 S7 N7 S3 S2,45641,21234,6891,7725,1 / 512,0.824234,0.001953 
169,N1 S8 N4 S2 N3 N5 N2 S1,45729,21322,6979,7813,1 / 1024,0.825211,0.000977 
170,N1 N2 S1 N4 N6 S3 S2,45878,21471,7128,7962,1 / 256,0.829117,0.003906 
171,N1 N2 S1 N4 S8 N1 N2 S1,46145,21738,7395,8229,1 / 2048,0.829605,0.000488 
172,N1 S1 N2 N5 S7 N3 S3,46224,21817,7474,8308,1 / 2048,0.830093,0.000488 
173,N1 N2 N5 N3 S2 S1 N2 N1 S4,46228,21821,7478,8312,1 / 4096,0.830582,0.000244 
173,N1 N2 S1 S2 N3 N5 N2 N1 S4,46228,21821,7478,8312,1 / 4096,0.830582,0.000244 
175,N1 N2 N5 S5 N2 N1 S4 S5,46298,21891,7548,8382,1 / 1024,0.837418,0.000977 
175,N1 N2 N5 S5 S4 N1 N2 S5,46298,21891,7548,8382,1 / 1024,0.837418,0.000977 
175,N1 N2 S5 N5 N2 N1 S4 S5,46298,21891,7548,8382,1 / 256,0.837418,0.003906 
175,N1 N2 S5 S4 N1 N2 N5 S5,46298,21891,7548,8382,1 / 1024,0.837418,0.000977 
179,N1 S8 N4 S1 N2 N5 N3 S2,46363,21956,7613,8447,1 / 2048,0.837906,0.000488 
180,N1 N2 S1 N1 N2 S1 N1 N2 S5,46411,22004,7661,8495,1 / 32768,0.837936,0.000031 
181,N1 S1 N4 S8 N1 N2 N5 S5,46420,22013,7670,8504,1 / 2048,0.838913,0.000488 
181,N1 S8 N4 S1 N1 N2 N5 S5,46420,22013,7670,8504,1 / 2048,0.838913,0.000488 
183,N1 N2 S5 N5 N3 S7 S6,46511,22104,7761,8595,1 / 512,0.840866,0.001953 
184,N1 N2 N5 N3 S2 S1 N2 N5 S5,46585,22178,7835,8669,1 / 16384,0.840927,0.000061 
185,N1 S1 N2 N1 S1 N4 N6 S3,46596,22189,7846,8680,1 / 512,0.84288,0.001953 
186,N1 N2 N5 S5 N2 N5 S7 S6,46628,22221,7878,8712,1 / 8192,0.843002,0.000122 
187,N1 N2 S1 N4 S2 N3 S7,46629,22222,7879,8713,1 / 512,0.844955,0.001953 
188,N1 N2 S1 N4 S2 N3 S3,46646,22239,7896,8730,1 / 1024,0.845932,0.000977 
189,N1 S1 N2 N5 N3 S2 N4 S8,46647,22240,7897,8731,1 / 8192,0.846054,0.000122 
190,N1 N2 N5 S5 N2 N5 S5 S4,46802,22395,8052,8886,1 / 8192,0.846176,0.000122 
191,N1 N2 N5 N3 S2 S1 N1 N2 S5,46829,22422,8079,8913,1 / 8192,0.846298,0.000122 
192,N1 S1 N4 N6 S3 N7 S7,46831,22424,8081,8915,1 / 32,0.877548,0.031250 
193,N1 N2 S5 S4 N1 N2 N5 S7,46975,22568,8225,9059,1 / 1024,0.878525,0.000977 
194,N1 S4 S5 N2 N5 N3 S7,46992,22585,8242,9076,1 / 256,0.882431,0.003906 
195,N1 S4 S5 N2 N5 N3 S3,47009,22602,8259,9093,1 / 512,0.884384,0.001953 
196,N1 N2 S1 N1 N2 S1 N4 S8,47063,22656,8313,9147,1 / 8192,0.884506,0.000122 
197,N1 S1 N4 S8 N1 N2 N5 S7,47097,22690,8347,9181,1 / 2048,0.885483,0.000488 
197,N1 S8 N4 S1 N1 N2 N5 S7,47097,22690,8347,9181,1 / 2048,0.885483,0.000488 
199,N1 S8 N4 S2 N3 N5 N2 S5,47214,22807,8464,9298,1 / 1024,0.886459,0.000977 
200,N1 N2 N5 N3 S2 S1 N2 N5 S7,47262,22855,8512,9346,1 / 16384,0.88652,0.000061 
201,N1 N2 S5 N5 N2 S5 N5 S7,47302,22895,8552,9386,1 / 4096,0.886765,0.000244 
202,N1 N2 N5 S5 N2 N5 S5 S6,47419,23012,8669,9503,1 / 16384,0.886826,0.000061 
203,N1 N2 N5 N3 S2 S3 N3 S2,47463,23056,8713,9547,1 / 8192,0.886948,0.000122 
204,N1 N2 N5 N3 S7 S6 S5,47475,23068,8725,9559,1 / 128,0.89476,0.007813 
205,N1 N2 N5 N3 S2 S1 N4 S8,47481,23074,8731,9565,1 / 2048,0.895248,0.000488 
206,N1 N2 S1 N4 S8 N1 N2 S5,47630,23223,8880,9714,1 / 1024,0.896225,0.000977 
207,N1 N2 N5 S5 N2 S1 N1 N2 S1,47849,23442,9099,9933,1 / 65536,0.896378,0.000015 
207,N1 N2 S1 N1 N2 N5 S5 N2 S1,47849,23442,9099,9933,1 / 65536,0.896378,0.000015 
207,N1 N2 S1 N1 N2 S5 N5 N2 S1,47849,23442,9099,9933,1 / 16384,0.896378,0.000061 
207,N1 N2 S5 N5 N2 S1 N1 N2 S1,47849,23442,9099,9933,1 / 16384,0.896378,0.000061 
211,N1 N2 S1 N1 N2 S1 N4 S2,47897,23490,9147,9981,1 / 8192,0.8965,0.000122 
212,N1 N2 S1 N1 N2 S5 N5 N3 S2,47933,23526,9183,10017,1 / 32768,0.89653,0.000031 
213,N1 N2 S5 N5 N3 S3 S2,47983,23576,9233,10067,1 / 2048,0.897018,0.000488 
214,N1 S1 N2 N5 S5 N2 N5 N3 S2,48067,23660,9317,10151,1 / 32768,0.897049,0.000031 
215,N1 N2 N5 S5 N2 N5 N3 S2 S1,48267,23860,9517,10351,1 / 16384,0.89711,0.000061 
216,N1 S8 N4 N6 S3 N3 S7,48281,23874,9531,10365,1 / 64,0.912735,0.015625 
217,N1 N2 N5 N3 S2 N4 S1 S2,48315,23908,9565,10399,1 / 8192,0.913345,0.000122 
217,N1 N2 N5 N3 S2 S1 N4 S2,48315,23908,9565,10399,1 / 2048,0.913345,0.000488 
219,N1 S1 N2 N5 N3 S2 N4 S1,48432,24025,9682,10516,1 / 8192,0.913956,0.000122 
219,N1 S1 N4 S2 N3 N5 N2 S1,48432,24025,9682,10516,1 / 2048,0.913956,0.000488 
221,N1 N2 S5 N5 S7 N3 S3,49013,24606,10263,11097,1 / 1024,0.914932,0.000977 
222,N1 S8 N4 S2 N3 N5 N2 N1 S8,49065,24658,10315,11149,1 / 2048,0.915421,0.000488 
223,N1 N2 S1 N1 N2 N5 N3 S2 S3,49080,24673,10330,11164,1 / 32768,0.915451,0.000031 
224,N1 S1 N2 N5 N3 S7 N5 S5,49117,24710,10367,11201,1 / 4096,0.915756,0.000244 
224,N1 S1 N2 N5 S7 N3 N5 S5,49117,24710,10367,11201,1 / 16384,0.915756,0.000061 
226,N1 N2 N5 N3 S2 S3 N7 S7,49315,24908,10565,11399,1 / 1024,0.916733,0.000977 
227,N1 N2 N5 S5 N2 N1 S1 N2 S5,49334,24927,10584,11418,1 / 32768,0.917099,0.000031 
227,N1 N2 N5 S5 N2 S1 N1 N2 S5,49334,24927,10584,11418,1 / 32768,0.917099,0.000031 
227,N1 N2 S1 N1 N2 S5 N5 N2 S5,49334,24927,10584,11418,1 / 16384,0.917099,0.000061 
227,N1 N2 S5 N5 N2 N1 S1 N2 S5,49334,24927,10584,11418,1 / 8192,0.917099,0.000122 
227,N1 N2 S5 N5 N2 S1 N1 N2 S5,49334,24927,10584,11418,1 / 8192,0.917099,0.000122 
232,N1 N2 S5 N5 N3 S2 N4 S8,49436,25029,10686,11520,1 / 8192,0.917221,0.000122 
233,N1 N2 S1 N4 S2 N3 N5 S5,49539,25132,10789,11623,1 / 4096,0.917465,0.000244 
234,N1 N2 S1 N1 N2 N5 S7 N3 S2,49744,25337,10994,11828,1 / 65536,0.91748,0.000015 
235,N1 N2 N5 S7 N3 S3 S2,49794,25387,11044,11878,1 / 2048,0.91803,0.000488 
235,N1 S1 N2 N5 S7 N3 N5 S7,49794,25387,11044,11878,1 / 16384,0.91803,0.000061 
237,N1 S1 N4 S2 N3 N5 N2 S5,49917,25510,11167,12001,1 / 2048,0.918518,0.000488 
238,N1 N2 N5 S5 N2 S1 N4 S8,49986,25579,11236,12070,1 / 8192,0.919128,0.000122 
238,N1 N2 S5 N5 N2 S1 N4 S8,49986,25579,11236,12070,1 / 2048,0.919128,0.000488 
240,N1 N2 N5 S7 N7 S3 N3 S2,49996,25589,11246,12080,1 / 4096,0.919373,0.000244 
241,N1 N2 N5 N3 S2 N4 S8 N1 S1,50017,25610,11267,12101,1 / 8192,0.919983,0.000122 
241,N1 S8 N4 S2 N3 N5 N2 N1 S1,50017,25610,11267,12101,1 / 2048,0.919983,0.000488 
243,N1 N2 S1 N4 S2 N3 N5 S7,50216,25809,11466,12300,1 / 4096,0.920227,0.000244 
244,N1 N2 S1 N4 N6 S3 N3 S2,50233,25826,11483,12317,1 / 1024,0.921204,0.000977 
245,N1 N2 N5 S5 S4 N1 N2 N5 S5,50342,25935,11592,12426,1 / 8192,0.921326,0.000122 
246,N1 N2 S1 N1 N2 S1 N1 N2 N5 S5,50455,26048,11705,12539,1 / 262144,0.921329,0.000004 
247,N1 N2 S5 S4 N1 N2 N5 N3 S2,50529,26122,11779,12613,1 / 2048,0.921818,0.000488 
248,N1 S1 N4 S8 N1 N2 N5 N3 S2,50651,26244,11901,12735,1 / 4096,0.922306,0.000244 
248,N1 S8 N4 S1 N1 N2 N5 N3 S2,50651,26244,11901,12735,1 / 4096,0.922306,0.000244 
250,N1 N2 N5 S5 N2 N5 S5 N2 S1,50772,26365,12022,12856,1 / 65536,0.922443,0.000015 
250,N1 N2 S5 N5 N2 S5 N5 N2 S1,50772,26365,12022,12856,1 / 8192,0.922443,0.000122 
252,N1 N2 N5 N3 S2 S1 N2 N5 N3 S2,50816,26409,12066,12900,1 / 32768,0.922474,0.000031 
253,N1 N2 N5 S5 N2 S1 N4 S2,50820,26413,12070,12904,1 / 8192,0.923084,0.000122 
253,N1 N2 S5 N5 N2 S1 N4 S2,50820,26413,12070,12904,1 / 2048,0.923084,0.000488 
255,N1 N2 S5 N5 N2 S5 N5 N3 S2,50856,26449,12106,12940,1 / 16384,0.923145,0.000061 
256,N1 N2 N5 N3 S2 S1 N1 N2 N5 S5,50873,26466,12123,12957,1 / 65536,0.923161,0.000015 
257,N1 N2 N5 N3 S2 N4 S8 N1 S4,50901,26494,12151,12985,1 / 4096,0.924381,0.000244 
257,N1 S8 N4 S2 N3 N5 N2 N1 S4,50901,26494,12151,12985,1 / 1024,0.924381,0.000977 
259,N1 S1 N4 N6 S3 N3 S7,50984,26577,12234,13068,1 / 128,0.932194,0.007813 
260,N1 N2 N5 S5 S4 N1 N2 N5 S7,51019,26612,12269,13103,1 / 8192,0.932316,0.000122 
261,N1 N2 S1 N1 N2 S1 N1 N2 N5 S7,51132,26725,12382,13216,1 / 262144,0.93232,0.000004 
262,N1 S1 N2 N1 S1 N2 N5 N3 S7,51149,26742,12399,13233,1 / 8192,0.932442,0.000122 
263,N1 S1 N2 N1 S1 N2 N5 N3 S3,51166,26759,12416,13250,1 / 16384,0.932503,0.000061 
264,N1 N2 N5 S5 N2 N1 S1 N2 N1 S8,51185,26778,12435,13269,1 / 65536,0.932617,0.000015 
264,N1 N2 S1 N1 N2 N5 S5 N2 N1 S8,51185,26778,12435,13269,1 / 131072,0.932617,0.000008 
264,N1 N2 S1 N1 N2 S5 N5 N2 N1 S8,51185,26778,12435,13269,1 / 32768,0.932617,0.000031 
264,N1 N2 S5 N5 N2 N1 S1 N2 N1 S8,51185,26778,12435,13269,1 / 16384,0.932617,0.000061 
268,N1 S8 N4 N6 S3 N3 N5 S5,51191,26784,12441,13275,1 / 512,0.93457,0.001953 
269,N1 N2 S5 N5 N3 S2 N4 S1,51221,26814,12471,13305,1 / 8192,0.934692,0.000122 
270,N1 N2 N5 S7 N3 S2 N4 S8,51247,26840,12497,13331,1 / 16384,0.934753,0.000061 
271,N1 S1 N2 N5 N3 S3 N7 S7,51401,26994,12651,13485,1 / 1024,0.93573,0.000977 
272,N1 S1 N2 N5 N3 S2 N4 N6 S3,51434,27027,12684,13518,1 / 4096,0.935974,0.000244 
273,N1 N2 N5 N3 S2 S1 N1 N2 N5 S7,51550,27143,12800,13634,1 / 65536,0.935989,0.000015 
274,N1 N2 S1 N1 N2 N5 S7 N7 S3,51613,27206,12863,13697,1 / 16384,0.93605,0.000061 
275,N1 S1 N2 N5 N3 S7 N7 S3,51630,27223,12880,13714,1 / 1024,0.937027,0.000977 
276,N1 N2 S1 N4 S8 N1 N2 N5 S5,51674,27267,12924,13758,1 / 8192,0.937149,0.000122 
277,N1 N2 N5 N3 S2 N4 S1 N1 S8,51768,27361,13018,13852,1 / 16384,0.937454,0.000061 
277,N1 S1 N4 S2 N3 N5 N2 N1 S8,51768,27361,13018,13852,1 / 4096,0.937454,0.000244 
279,N1 N2 S1 N1 N2 S1 N4 N6 S3,51850,27443,13100,13934,1 / 4096,0.937698,0.000244 
280,N1 S8 N4 N6 S3 N3 N5 S7,51868,27461,13118,13952,1 / 512,0.939651,0.001953 
281,N1 N2 S5 N5 N3 S7 N5 S5,51906,27499,13156,13990,1 / 4096,0.940018,0.000244 
281,N1 N2 S5 N5 S7 N3 N5 S5,51906,27499,13156,13990,1 / 8192,0.940018,0.000122 
283,N1 N2 N5 S7 N3 N5 S7 S6,51909,27502,13159,13993,1 / 8192,0.94014,0.000122 
284,N1 N2 N5 S5 N2 N5 N3 S2 S3,52003,27596,13253,14087,1 / 32768,0.94017,0.000031 
285,N1 N2 N5 N3 S7 N5 S5 S4,52083,27676,13333,14167,1 / 2048,0.940781,0.000488 
285,N1 N2 N5 S7 N3 N5 S5 S4,52083,27676,13333,14167,1 / 8192,0.940781,0.000122 
287,N1 N2 S1 N4 N6 S3 N7 S7,52085,27678,13335,14169,1 / 128,0.948593,0.007813 
288,N1 N2 N5 S5 N2 N1 S1 N2 N1 S1,52137,27730,13387,14221,1 / 65536,0.948708,0.000015 
288,N1 N2 S1 N1 N2 N5 S5 N2 N1 S1,52137,27730,13387,14221,1 / 131072,0.948708,0.000008 
288,N1 N2 S1 N1 N2 S5 N5 N2 N1 S1,52137,27730,13387,14221,1 / 32768,0.948708,0.000031 
288,N1 N2 S5 N5 N2 N1 S1 N2 N1 S1,52137,27730,13387,14221,1 / 16384,0.948708,0.000061 
292,N1 N2 S5 N5 N2 S5 N5 N2 S5,52257,27850,13507,14341,1 / 8192,0.94883,0.000122 
293,N1 N2 N5 N3 S2 S1 N4 N6 S3,52268,27861,13518,14352,1 / 1024,0.949806,0.000977 
294,N1 N2 S1 N4 S8 N1 N2 N5 S7,52351,27944,13601,14435,1 / 8192,0.949928,0.000122 
295,N1 S8 N4 S1 N2 N5 N3 S7,52368,27961,13618,14452,1 / 1024,0.950905,0.000977 
296,N1 S8 N4 S1 N2 N5 N3 S3,52385,27978,13635,14469,1 / 2048,0.951393,0.000488 
297,N1 N2 N5 S5 N2 N1 S8 N4 S2,52405,27998,13655,14489,1 / 8192,0.952003,0.000122 
297,N1 N2 S5 N5 N2 N1 S8 N4 S2,52405,27998,13655,14489,1 / 2048,0.952003,0.000488 
299,N1 N2 S5 N5 S7 N3 N5 S7,52583,28176,13833,14667,1 / 8192,0.952126,0.000122 
300,N1 N2 N5 S5 N2 N5 S7 N3 S2,52667,28260,13917,14751,1 / 65536,0.952141,0.000015 
301,N1 N2 N5 N3 S7 N5 S5 S6,52700,28293,13950,14784,1 / 4096,0.952446,0.000244 
301,N1 N2 N5 S7 N3 N5 S5 S6,52700,28293,13950,14784,1 / 16384,0.952446,0.000061 
303,N1 S1 N4 S2 N3 N5 N2 N1 S1,52720,28313,13970,14804,1 / 4096,0.95269,0.000244 
304,N1 N2 N5 S5 N2 N1 S1 N2 N1 S4,53021,28614,14271,15105,1 / 32768,0.952919,0.000031 
304,N1 N2 S1 N1 N2 N5 S5 N2 N1 S4,53021,28614,14271,15105,1 / 65536,0.952919,0.000015 
304,N1 N2 S1 N1 N2 S5 N5 N2 N1 S4,53021,28614,14271,15105,1 / 16384,0.952919,0.000061 
304,N1 N2 S5 N5 N2 N1 S1 N2 N1 S4,53021,28614,14271,15105,1 / 8192,0.952919,0.000122 
308,N1 N2 N5 S7 N3 S2 N4 S1,53032,28625,14282,15116,1 / 16384,0.95298,0.000061 
309,N1 N2 N5 N3 S7 N5 N2 S1 S2,53147,28740,14397,15231,1 / 8192,0.953133,0.000122 
309,N1 N2 N5 S7 N3 N5 N2 S1 S2,53147,28740,14397,15231,1 / 32768,0.953133,0.000031 
311,N1 N2 S1 N1 N2 N5 N3 S7 S6,53264,28857,14514,15348,1 / 8192,0.953407,0.000122 
311,N1 S1 N2 N5 N3 S7 N5 N2 S1,53264,28857,14514,15348,1 / 8192,0.953407,0.000122 
311,N1 S1 N2 N5 S7 N3 N5 N2 S1,53264,28857,14514,15348,1 / 32768,0.953407,0.000031 
314,N1 S1 N2 N5 N3 S7 N5 N3 S2,53348,28941,14598,15432,1 / 16384,0.953468,0.000061 
315,N1 N2 N5 S5 N2 N1 S8 N4 S1,53356,28949,14606,15440,1 / 8192,0.954079,0.000122 
315,N1 N2 S5 N5 N2 N1 S8 N4 S1,53356,28949,14606,15440,1 / 2048,0.954079,0.000488 
317,N1 N2 N5 S5 N2 N1 S1 N2 N5 S5,53378,28971,14628,15462,1 / 131072,0.95414,0.000008 
317,N1 N2 N5 S5 N2 S1 N1 N2 N5 S5,53378,28971,14628,15462,1 / 262144,0.95414,0.000004 
317,N1 N2 S1 N1 N2 N5 S5 N2 N5 S5,53378,28971,14628,15462,1 / 262144,0.95414,0.000004 
317,N1 N2 S5 N5 N2 N1 S1 N2 N5 S5,53378,28971,14628,15462,1 / 32768,0.95414,0.000031 
317,N1 N2 S5 N5 N2 S1 N1 N2 N5 S5,53378,28971,14628,15462,1 / 65536,0.95414,0.000015 
322,N1 N2 N5 N3 S2 S3 N3 S7,53468,29061,14718,15552,1 / 4096,0.954872,0.000244 
322,N1 N2 N5 N3 S3 S2 N3 S7,53468,29061,14718,15552,1 / 2048,0.954872,0.000488 
324,N1 N2 N5 N3 S3 S2 N3 S3,53485,29078,14735,15569,1 / 4096,0.955116,0.000244 
325,N1 N2 N5 N3 S3 N7 S7 S6,53516,29109,14766,15600,1 / 512,0.957069,0.001953 
326,N1 N2 N5 N3 S7 N5 N3 S2 S1,53548,29141,14798,15632,1 / 8192,0.957191,0.000122 
327,N1 N2 N5 N3 S2 N4 S1 N1 S4,53604,29197,14854,15688,1 / 8192,0.957802,0.000122 
327,N1 S1 N4 S2 N3 N5 N2 N1 S4,53604,29197,14854,15688,1 / 2048,0.957802,0.000488 
329,N1 N2 S1 N4 S2 N3 N5 N2 S1,53686,29279,14936,15770,1 / 8192,0.957924,0.000122 
330,N1 S1 N4 N6 S3 N3 N5 S5,53894,29487,15144,15978,1 / 1024,0.9589,0.000977 
331,N1 N2 S1 N1 N2 S5 N5 N3 S7,53938,29531,15188,16022,1 / 16384,0.958961,0.000061 
332,N1 N2 S1 N1 N2 S5 N5 N3 S3,53955,29548,15205,16039,1 / 32768,0.958992,0.000031 
333,N1 N2 N5 S5 N2 N1 S1 N2 N5 S7,54055,29648,15305,16139,1 / 131072,0.959053,0.000008 
333,N1 N2 N5 S5 N2 S1 N1 N2 N5 S7,54055,29648,15305,16139,1 / 262144,0.959053,0.000004 
333,N1 N2 S1 N1 N2 N5 S5 N2 N5 S7,54055,29648,15305,16139,1 / 262144,0.959053,0.000004 
333,N1 N2 S5 N5 N2 N1 S1 N2 N5 S7,54055,29648,15305,16139,1 / 32768,0.959053,0.000031 
333,N1 N2 S5 N5 N2 S1 N1 N2 N5 S7,54055,29648,15305,16139,1 / 65536,0.959053,0.000015 
338,N1 S1 N2 N5 S5 N2 N5 N3 S7,54072,29665,15322,16156,1 / 16384,0.959114,0.000061 
339,N1 S1 N2 N5 S5 N2 N5 N3 S3,54089,29682,15339,16173,1 / 32768,0.959145,0.000031 
340,N1 N2 N5 S5 N2 N5 S5 N2 N1 S8,54108,29701,15358,16192,1 / 131072,0.959213,0.000008 
340,N1 N2 S5 N5 N2 S5 N5 N2 N1 S8,54108,29701,15358,16192,1 / 16384,0.959213,0.000061 
342,N1 N2 N5 N3 S2 S3 N6 N4 S8,54170,29763,15420,16254,1 / 8192,0.959335,0.000122 
343,N1 N2 S5 N5 N3 S3 N7 S7,54190,29783,15440,16274,1 / 1024,0.960312,0.000977 
344,N1 N2 S5 N5 N3 S2 N4 N6 S3,54223,29816,15473,16307,1 / 4096,0.960556,0.000244 
345,N1 N2 N5 S5 N2 N1 S1 N4 S8,54274,29867,15524,16358,1 / 16384,0.960861,0.000061 
345,N1 N2 S5 N5 N2 N1 S1 N4 S8,54274,29867,15524,16358,1 / 4096,0.960861,0.000244 
347,N1 N2 S5 N5 N3 S7 N7 S3,54419,30012,15669,16503,1 / 1024,0.961838,0.000977 
348,N1 N2 N5 S5 N2 N5 S7 N7 S3,54536,30129,15786,16620,1 / 16384,0.961899,0.000061 
349,N1 S1 N4 N6 S3 N3 N5 S7,54571,30164,15821,16655,1 / 1024,0.962875,0.000977 
350,N1 N2 N5 S5 S4 N1 N2 N5 N3 S2,54573,30166,15823,16657,1 / 16384,0.962936,0.000061 
351,N1 N2 S1 N1 N2 S1 N1 N2 N5 N3 S2,54686,30279,15936,16770,1 / 524288,0.962938,0.000002 
352,N1 N2 S1 N1 N2 N5 N3 S3 S2,54736,30329,15986,16820,1 / 32768,0.962969,0.000031 
353,N1 S1 N2 N5 N3 S7 N5 N2 S5,54749,30342,15999,16833,1 / 8192,0.963121,0.000122 
353,N1 S1 N2 N5 S7 N3 N5 N2 S5,54749,30342,15999,16833,1 / 32768,0.963121,0.000031 
355,N1 N2 N5 S5 N2 S1 N4 N6 S3,54773,30366,16023,16857,1 / 4096,0.964342,0.000244 
355,N1 N2 S5 N5 N2 S1 N4 N6 S3,54773,30366,16023,16857,1 / 1024,0.964342,0.000977 
357,N1 N2 N5 N3 S2 N4 N6 S3 S2,55004,30597,16254,17088,1 / 4096,0.964708,0.000244 
357,N1 N2 N5 N3 S2 S3 N6 N4 S2,55004,30597,16254,17088,1 / 8192,0.964708,0.000122 
359,N1 N2 N5 S5 N2 N5 S5 N2 N1 S1,55060,30653,16310,17144,1 / 131072,0.964777,0.000008 
359,N1 N2 S5 N5 N2 S5 N5 N2 N1 S1,55060,30653,16310,17144,1 / 16384,0.964777,0.000061 
361,N1 N2 N5 N3 S2 S1 N1 N2 N5 N3 S2,55104,30697,16354,17188,1 / 131072,0.964785,0.000008 
362,N1 N2 N5 S5 N2 N1 S1 N4 S2,55108,30701,16358,17192,1 / 16384,0.96509,0.000061 
362,N1 N2 S5 N5 N2 N1 S1 N4 S2,55108,30701,16358,17192,1 / 4096,0.96509,0.000244 
364,N1 N2 N5 N3 S2 N4 S1 N2 S5,55171,30764,16421,17255,1 / 32768,0.965242,0.000031 
364,N1 N2 S1 N4 S2 N3 N5 N2 S5,55171,30764,16421,17255,1 / 8192,0.965242,0.000122 
366,N1 N2 N5 N3 S7 N7 S3 S2,55200,30793,16450,17284,1 / 512,0.967196,0.001953 
367,N1 N2 N5 N3 S2 N4 S8 N1 N2 S1,55271,30864,16521,17355,1 / 32768,0.967226,0.000031 
368,N1 S8 N4 N6 S3 N3 N5 N2 S1,55338,30931,16588,17422,1 / 1024,0.968203,0.000977 
369,N1 N2 S1 N1 N2 N5 S7 N3 S3,55766,31359,17016,17850,1 / 32768,0.968233,0.000031 
370,N1 N2 S1 N4 S8 N1 N2 N5 N3 S2,55905,31498,17155,17989,1 / 16384,0.968294,0.000061 
371,N1 N2 N5 S5 N2 N5 S5 N2 N1 S4,55944,31537,17194,18028,1 / 65536,0.968431,0.000015 
371,N1 N2 S5 N5 N2 S5 N5 N2 N1 S4,55944,31537,17194,18028,1 / 8192,0.968431,0.000122 
373,N1 N2 N5 N3 S2 S3 N6 N4 S1,55955,31548,17205,18039,1 / 4096,0.968676,0.000244 
374,N1 N2 N5 S7 N3 S3 N7 S7,56001,31594,17251,18085,1 / 1024,0.97014,0.000977 
374,N1 N2 N5 S7 N7 S3 N3 S7,56001,31594,17251,18085,1 / 2048,0.97014,0.000488 
376,N1 N2 N5 S7 N3 S2 N4 N6 S3,56034,31627,17284,18118,1 / 8192,0.970263,0.000122 
377,N1 N2 N5 N3 S7 N5 S5 N2 S1,56053,31646,17303,18137,1 / 16384,0.970522,0.000061 
377,N1 N2 N5 S7 N3 N5 S5 N2 S1,56053,31646,17303,18137,1 / 65536,0.970522,0.000015 
377,N1 N2 S5 N5 N3 S7 N5 N2 S1,56053,31646,17303,18137,1 / 8192,0.970522,0.000122 
377,N1 N2 S5 N5 S7 N3 N5 N2 S1,56053,31646,17303,18137,1 / 16384,0.970522,0.000061 
381,N1 N2 S5 N5 N3 S7 N5 N3 S2,56137,31730,17387,18221,1 / 16384,0.970583,0.000061 
382,N1 N2 N5 S5 N2 N5 N3 S7 S6,56187,31780,17437,18271,1 / 8192,0.970705,0.000122 
383,N1 N2 S1 N1 N2 N5 N3 S2 N4 S8,56189,31782,17439,18273,1 / 131072,0.970713,0.000008 
384,N1 N2 S1 N4 N6 S3 N3 S7,56238,31831,17488,18322,1 / 512,0.972666,0.001953 
385,N1 N2 N5 N3 S3 S2 N4 S8,56239,31832,17489,18323,1 / 8192,0.972788,0.000122 
386,N1 S1 N2 N5 N3 S3 N6 N4 S8,56256,31849,17506,18340,1 / 8192,0.97291,0.000122 
387,N1 N2 N5 S5 N2 N5 S5 N2 N5 S5,56301,31894,17551,18385,1 / 262144,0.972914,0.000004 
388,N1 N2 N5 S5 N2 N1 S8 N4 N6 S3,56358,31951,17608,18442,1 / 4096,0.974134,0.000244 
388,N1 N2 S5 N5 N2 N1 S8 N4 N6 S3,56358,31951,17608,18442,1 / 1024,0.974134,0.000977 
390,N1 N2 N5 N3 S2 S3 N3 N5 S5,56378,31971,17628,18462,1 / 32768,0.974226,0.000031 
390,N1 N2 N5 N3 S3 S2 N3 N5 S5,56378,31971,17628,18462,1 / 16384,0.974226,0.000061 
392,N1 N2 S5 S4 N1 N2 N5 N3 S7,56534,32127,17784,18618,1 / 1024,0.975203,0.000977 
393,N1 N2 S5 S4 N1 N2 N5 N3 S3,56551,32144,17801,18635,1 / 2048,0.975691,0.000488 
394,N1 N2 N5 N3 S7 N5 N2 S1 N1 S8,56600,32193,17850,18684,1 / 32768,0.975805,0.000031 
394,N1 N2 N5 S7 N3 N5 N2 S1 N1 S8,56600,32193,17850,18684,1 / 131072,0.975805,0.000008 
394,N1 S1 N2 N5 N3 S7 N5 N2 N1 S8,56600,32193,17850,18684,1 / 16384,0.975805,0.000061 
394,N1 S1 N2 N5 S7 N3 N5 N2 N1 S8,56600,32193,17850,18684,1 / 65536,0.975805,0.000015 
398,N1 S1 N4 S8 N1 N2 N5 N3 S7,56656,32249,17906,18740,1 / 2048,0.976782,0.000488 
398,N1 S8 N4 S1 N1 N2 N5 N3 S7,56656,32249,17906,18740,1 / 2048,0.976782,0.000488 
400,N1 S1 N4 S8 N1 N2 N5 N3 S3,56673,32266,17923,18757,1 / 4096,0.97727,0.000244 
400,N1 S8 N4 S1 N1 N2 N5 N3 S3,56673,32266,17923,18757,1 / 4096,0.97727,0.000244 
402,N1 N2 N5 S7 N7 S3 N6 N4 S8,56703,32296,17953,18787,1 / 4096,0.977514,0.000244 
403,N1 N2 N5 N3 S2 N4 S8 N1 N2 S5,56756,32349,18006,18840,1 / 16384,0.977575,0.000061 
404,N1 N2 N5 N3 S2 S1 N2 N5 N3 S7,56821,32414,18071,18905,1 / 16384,0.977636,0.000061 
405,N1 S8 N4 N6 S3 N3 N5 N2 S5,56823,32416,18073,18907,1 / 1024,0.978613,0.000977 
406,N1 N2 N5 N3 S2 S1 N2 N5 N3 S3,56838,32431,18088,18922,1 / 32768,0.978643,0.000031 
407,N1 N2 S5 N5 N2 S5 N5 N3 S7,56861,32454,18111,18945,1 / 8192,0.978765,0.000122 
408,N1 N2 S5 N5 N2 S5 N5 N3 S3,56878,32471,18128,18962,1 / 16384,0.978827,0.000061 
409,N1 N2 N5 S5 N2 N5 S5 N2 N5 S7,56978,32571,18228,19062,1 / 262144,0.97883,0.000004 
410,N1 N2 N5 N3 S2 N4 S1 N2 N1 S8,57022,32615,18272,19106,1 / 65536,0.978907,0.000015 
410,N1 N2 S1 N4 S2 N3 N5 N2 N1 S8,57022,32615,18272,19106,1 / 16384,0.978907,0.000061 
412,N1 N2 N5 N3 S2 S3 N3 N5 S7,57055,32648,18305,19139,1 / 32768,0.978998,0.000031 
412,N1 N2 N5 N3 S3 S2 N3 N5 S7,57055,32648,18305,19139,1 / 16384,0.978998,0.000061 
414,N1 S1 N2 N5 N3 S3 N6 N4 S2,57090,32683,18340,19174,1 / 8192,0.97912,0.000122 
415,N1 N2 N5 N3 S7 N5 N3 S2 S3,57284,32877,18534,19368,1 / 16384,0.979181,0.000061 
416,N1 N2 N5 N3 S3 N6 N4 S2 S1,57290,32883,18540,19374,1 / 8192,0.979303,0.000122 
417,N1 N2 N5 N3 S7 N5 N2 N1 S1 S2,57435,33028,18685,19519,1 / 16384,0.97938,0.000061 
417,N1 N2 N5 S7 N3 N5 N2 N1 S1 S2,57435,33028,18685,19519,1 / 65536,0.97938,0.000015 
419,N1 N2 N5 S7 N7 S3 N6 N4 S2,57537,33130,18787,19621,1 / 4096,0.979624,0.000244 
420,N1 N2 S5 N5 N3 S7 N5 N2 S5,57538,33131,18788,19622,1 / 8192,0.979807,0.000122 
420,N1 N2 S5 N5 S7 N3 N5 N2 S5,57538,33131,18788,19622,1 / 16384,0.979807,0.000061 
422,N1 S1 N2 N5 N3 S7 N5 N2 N1 S1,57552,33145,18802,19636,1 / 16384,0.979883,0.000061 
422,N1 S1 N2 N5 S7 N3 N5 N2 N1 S1,57552,33145,18802,19636,1 / 65536,0.979883,0.000015 
424,N1 N2 N5 S5 N2 N1 S1 N2 N5 N3 S2,57609,33202,18859,19693,1 / 262144,0.979914,0.000004 
424,N1 N2 N5 S5 N2 S1 N1 N2 N5 N3 S2,57609,33202,18859,19693,1 / 524288,0.979914,0.000002 
424,N1 N2 S1 N1 N2 N5 S5 N2 N5 N3 S2,57609,33202,18859,19693,1 / 524288,0.979914,0.000002 
424,N1 N2 S5 N5 N2 N1 S1 N2 N5 N3 S2,57609,33202,18859,19693,1 / 65536,0.979914,0.000015 
424,N1 N2 S5 N5 N2 S1 N1 N2 N5 N3 S2,57609,33202,18859,19693,1 / 131072,0.979914,0.000008 
429,N1 N2 N5 S5 N2 N5 N3 S3 S2,57659,33252,18909,19743,1 / 32768,0.979944,0.000031 
430,N1 N2 N5 N3 S7 N5 N2 S5 S4,57715,33308,18965,19799,1 / 4096,0.980249,0.000244 
430,N1 N2 N5 S7 N3 N5 N2 S5 S4,57715,33308,18965,19799,1 / 16384,0.980249,0.000061 
432,N1 N2 N5 N3 S3 N6 N4 S1 S2,57924,33517,19174,20008,1 / 4096,0.980494,0.000244 
433,N1 N2 N5 S7 N3 N5 S7 N3 S2,57948,33541,19198,20032,1 / 65536,0.980509,0.000015 
434,N1 N2 N5 N3 S2 N4 S1 N1 N2 S1,57974,33567,19224,20058,1 / 65536,0.980608,0.000015 
434,N1 N2 N5 N3 S2 N4 S1 N2 N1 S1,57974,33567,19224,20058,1 / 65536,0.980608,0.000015 
434,N1 N2 S1 N1 N2 N5 N3 S2 N4 S1,57974,33567,19224,20058,1 / 131072,0.980608,0.000008 
434,N1 N2 S1 N4 S2 N3 N5 N2 N1 S1,57974,33567,19224,20058,1 / 16384,0.980608,0.000061 
438,N1 N2 N5 N3 S3 S2 N4 S1,58024,33617,19274,20108,1 / 8192,0.98073,0.000122 
439,N1 S1 N2 N5 N3 S3 N6 N4 S1,58041,33634,19291,20125,1 / 4096,0.981462,0.000244 
439,N1 S1 N4 N6 S3 N3 N5 N2 S1,58041,33634,19291,20125,1 / 2048,0.981462,0.000488 
441,N1 N2 N5 N3 S7 N5 N2 S5 S6,58332,33925,19582,20416,1 / 8192,0.981615,0.000122 
441,N1 N2 N5 S7 N3 N5 N2 S5 S6,58332,33925,19582,20416,1 / 32768,0.981615,0.000031 
443,N1 N2 N5 N3 S7 N5 N2 S1 N1 S4,58436,34029,19686,20520,1 / 16384,0.981844,0.000061 
443,N1 N2 N5 S7 N3 N5 N2 S1 N1 S4,58436,34029,19686,20520,1 / 65536,0.981844,0.000015 
443,N1 S1 N2 N5 N3 S7 N5 N2 N1 S4,58436,34029,19686,20520,1 / 8192,0.981844,0.000122 
443,N1 S1 N2 N5 S7 N3 N5 N2 N1 S4,58436,34029,19686,20520,1 / 32768,0.981844,0.000031 
447,N1 N2 N5 S7 N7 S3 N6 N4 S1,58488,34081,19738,20572,1 / 2048,0.982332,0.000488 
448,N1 N2 S1 N1 N2 N5 N3 S7 N5 S5,58659,34252,19909,20743,1 / 65536,0.982351,0.000015 
448,N1 N2 S1 N1 N2 N5 S7 N3 N5 S5,58659,34252,19909,20743,1 / 262144,0.982351,0.000004 
450,N1 S8 N4 N6 S3 N3 N5 N2 N1 S8,58674,34267,19924,20758,1 / 2048,0.98284,0.000488 
451,N1 N2 N5 S5 N2 N5 S7 N3 S3,58689,34282,19939,20773,1 / 32768,0.98287,0.000031 
452,N1 N2 N5 N3 S2 N4 S1 N2 N1 S4,58858,34451,20108,20942,1 / 32768,0.983023,0.000031 
452,N1 N2 S1 N4 S2 N3 N5 N2 N1 S4,58858,34451,20108,20942,1 / 8192,0.983023,0.000122 
454,N1 N2 N5 N3 S3 N7 S7 N5 S5,58911,34504,20161,20995,1 / 4096,0.983328,0.000244 
454,N1 N2 N5 S7 N7 S3 N3 N5 S5,58911,34504,20161,20995,1 / 16384,0.983328,0.000061 
456,N1 N2 S5 N5 N3 S3 N6 N4 S8,59045,34638,20295,21129,1 / 8192,0.98345,0.000122 
457,N1 N2 N5 S5 N2 N1 S1 N4 N6 S3,59061,34654,20311,21145,1 / 8192,0.98406,0.000122 
457,N1 N2 S5 N5 N2 N1 S1 N4 N6 S3,59061,34654,20311,21145,1 / 2048,0.98406,0.000488 
459,N1 N2 N5 S5 N2 N5 N3 S2 N4 S8,59112,34705,20362,21196,1 / 131072,0.984068,0.000008 
460,N1 N2 S1 N4 N6 S3 N3 N5 S5,59148,34741,20398,21232,1 / 4096,0.984312,0.000244 
461,N1 N2 N5 N3 S2 N4 S1 N2 N5 S5,59215,34808,20465,21299,1 / 131072,0.98432,0.000008 
462,N1 N2 S1 N1 N2 N5 S7 N3 N5 S7,59336,34929,20586,21420,1 / 262144,0.984324,0.000004 
463,N1 S1 N2 N5 N3 S7 N5 N3 S7,59353,34946,20603,21437,1 / 8192,0.984446,0.000122 
464,N1 N2 N5 N3 S2 N4 N6 S3 N3 S2,59359,34952,20609,21443,1 / 16384,0.984507,0.000061 
465,N1 S1 N2 N5 N3 S7 N5 N3 S3,59370,34963,20620,21454,1 / 16384,0.984568,0.000061 
466,N1 N2 N5 N3 S7 N5 S5 N2 N1 S8,59389,34982,20639,21473,1 / 32768,0.984697,0.000031 
466,N1 N2 N5 S7 N3 N5 S5 N2 N1 S8,59389,34982,20639,21473,1 / 131072,0.984697,0.000008 
466,N1 N2 S5 N5 N3 S7 N5 N2 N1 S8,59389,34982,20639,21473,1 / 16384,0.984697,0.000061 
466,N1 N2 S5 N5 S7 N3 N5 N2 N1 S8,59389,34982,20639,21473,1 / 32768,0.984697,0.000031 
470,N1 N2 N5 N3 S2 N4 S1 N1 N2 S5,59459,35052,20709,21543,1 / 32768,0.984728,0.000031 
471,N1 S1 N4 N6 S3 N3 N5 N2 S5,59526,35119,20776,21610,1 / 2048,0.985216,0.000488 
472,N1 N2 N5 N3 S3 N7 S7 N3 S2,59555,35148,20805,21639,1 / 4096,0.985704,0.000244 
472,N1 N2 N5 N3 S7 N7 S3 N3 S2,59555,35148,20805,21639,1 / 4096,0.985704,0.000244 
474,N1 N2 N5 S7 N7 S3 N3 N5 S7,59588,35181,20838,21672,1 / 16384,0.985765,0.000061 
475,N1 N2 N5 N3 S3 N6 N4 S8 N1 S1,59626,35219,20876,21710,1 / 8192,0.986376,0.000122 
475,N1 S8 N4 N6 S3 N3 N5 N2 N1 S1,59626,35219,20876,21710,1 / 2048,0.986376,0.000488 
477,N1 N2 N5 S7 N3 N5 S7 N7 S3,59817,35410,21067,21901,1 / 16384,0.986437,0.000061 
478,N1 N2 S1 N4 N6 S3 N3 N5 S7,59825,35418,21075,21909,1 / 4096,0.986681,0.000244 
479,N1 N2 S5 N5 N3 S3 N6 N4 S2,59879,35472,21129,21963,1 / 8192,0.986803,0.000122 
480,N1 N2 N5 N3 S2 N4 S1 N2 N5 S7,59892,35485,21142,21976,1 / 131072,0.986811,0.000008 
481,N1 N2 N5 N3 S7 N5 S5 N2 N1 S1,60341,35934,21591,22425,1 / 32768,0.98694,0.000031 
481,N1 N2 N5 S7 N3 N5 S5 N2 N1 S1,60341,35934,21591,22425,1 / 131072,0.98694,0.000008 
481,N1 N2 S5 N5 N3 S7 N5 N2 N1 S1,60341,35934,21591,22425,1 / 16384,0.98694,0.000061 
481,N1 N2 S5 N5 S7 N3 N5 N2 N1 S1,60341,35934,21591,22425,1 / 32768,0.98694,0.000031 
485,N1 N2 N5 N3 S3 N6 N4 S8 N1 S4,60510,36103,21760,22594,1 / 4096,0.988161,0.000244 
485,N1 S8 N4 N6 S3 N3 N5 N2 N1 S4,60510,36103,21760,22594,1 / 1024,0.988161,0.000977 
487,N1 N2 N5 N3 S2 S3 N3 N5 N2 S1,60525,36118,21775,22609,1 / 65536,0.988207,0.000015 
487,N1 N2 N5 N3 S3 S2 N3 N5 N2 S1,60525,36118,21775,22609,1 / 32768,0.988207,0.000031 
489,N1 N2 N5 S5 N2 N5 S5 N2 N5 N3 S2,60532,36125,21782,22616,1 / 524288,0.988209,0.000002 
490,N1 N2 N5 S5 S4 N1 N2 N5 N3 S7,60578,36171,21828,22662,1 / 8192,0.988331,0.000122 
491,N1 N2 N5 S5 S4 N1 N2 N5 N3 S3,60595,36188,21845,22679,1 / 16384,0.988392,0.000061 
492,N1 N2 S1 N1 N2 S1 N1 N2 N5 N3 S7,60691,36284,21941,22775,1 / 262144,0.988396,0.000004 
493,N1 N2 S1 N1 N2 S1 N1 N2 N5 N3 S3,60708,36301,21958,22792,1 / 524288,0.988398,0.000002 
494,N1 N2 N5 N3 S2 N4 S8 N1 N2 N5 S5,60800,36393,22050,22884,1 / 131072,0.988405,0.000008 
495,N1 N2 S5 N5 N3 S3 N6 N4 S1,60830,36423,22080,22914,1 / 4096,0.988649,0.000244 
496,N1 N2 N5 S7 N3 S3 N6 N4 S8,60856,36449,22106,22940,1 / 8192,0.988771,0.000122 
497,N1 N2 N5 S5 N2 N5 N3 S2 N4 S1,60897,36490,22147,22981,1 / 131072,0.988779,0.000008 
498,N1 N2 S1 N1 N2 N5 N3 S3 N7 S7,60943,36536,22193,23027,1 / 16384,0.98884,0.000061 
499,N1 N2 S1 N1 N2 N5 N3 S2 N4 N6 S3,60976,36569,22226,23060,1 / 65536,0.988855,0.000015 
500,N1 N2 N5 N3 S3 N6 N4 S2 S3,61026,36619,22276,23110,1 / 8192,0.989222,0.000122 
500,N1 N2 N5 N3 S3 S2 N4 N6 S3,61026,36619,22276,23110,1 / 4096,0.989222,0.000244 
502,N1 N2 N5 N3 S2 S1 N1 N2 N5 N3 S7,61109,36702,22359,23193,1 / 65536,0.989237,0.000015 
503,N1 N2 N5 N3 S2 S1 N1 N2 N5 N3 S3,61126,36719,22376,23210,1 / 131072,0.989244,0.000008 
504,N1 N2 S1 N1 N2 N5 N3 S7 N7 S3,61172,36765,22422,23256,1 / 16384,0.989305,0.000061 
505,N1 N2 N5 N3 S2 N4 N6 S3 N7 S7,61211,36804,22461,23295,1 / 2048,0.989794,0.000488 
506,N1 N2 N5 N3 S7 N5 S5 N2 N1 S4,61225,36818,22475,23309,1 / 16384,0.990053,0.000061 
506,N1 N2 N5 S7 N3 N5 S5 N2 N1 S4,61225,36818,22475,23309,1 / 65536,0.990053,0.000015 
506,N1 N2 S5 N5 N3 S7 N5 N2 N1 S4,61225,36818,22475,23309,1 / 8192,0.990053,0.000122 
506,N1 N2 S5 N5 S7 N3 N5 N2 N1 S4,61225,36818,22475,23309,1 / 16384,0.990053,0.000061 
510,N1 N2 N5 N3 S7 N5 N2 N1 S4 S5,61255,36848,22505,23339,1 / 2048,0.990664,0.000488 
510,N1 N2 N5 S7 N3 N5 N2 N1 S4 S5,61255,36848,22505,23339,1 / 8192,0.990664,0.000122 
512,N1 N2 N5 N3 S3 N6 N4 S1 N1 S8,61377,36970,22627,23461,1 / 8192,0.99103,0.000122 
512,N1 S1 N4 N6 S3 N3 N5 N2 N1 S8,61377,36970,22627,23461,1 / 4096,0.99103,0.000244 
514,N1 N2 N5 N3 S7 N5 N3 S7 S6,61468,37061,22718,23552,1 / 4096,0.991274,0.000244 
515,N1 N2 N5 N3 S2 N4 S8 N1 N2 N5 S7,61477,37070,22727,23561,1 / 131072,0.991282,0.000008 
516,N1 N2 N5 N3 S7 N5 S5 N2 N5 S5,61582,37175,22832,23666,1 / 65536,0.99132,0.000015 
516,N1 N2 N5 S5 N2 N5 N3 S7 N5 S5,61582,37175,22832,23666,1 / 65536,0.99132,0.000015 
516,N1 N2 N5 S5 N2 N5 S7 N3 N5 S5,61582,37175,22832,23666,1 / 262144,0.99132,0.000004 
516,N1 N2 N5 S7 N3 N5 S5 N2 N5 S5,61582,37175,22832,23666,1 / 262144,0.99132,0.000004 
520,N1 N2 N5 S7 N3 S3 N6 N4 S2,61690,37283,22940,23774,1 / 8192,0.991442,0.000122 
521,N1 N2 S1 N4 S8 N1 N2 N5 N3 S7,61910,37503,23160,23994,1 / 8192,0.991564,0.000122 
522,N1 N2 S1 N4 S8 N1 N2 N5 N3 S3,61927,37520,23177,24011,1 / 16384,0.991625,0.000061 
523,N1 N2 N5 N3 S2 S3 N3 N5 N2 S5,62010,37603,23260,24094,1 / 65536,0.991671,0.000015 
523,N1 N2 N5 N3 S3 S2 N3 N5 N2 S5,62010,37603,23260,24094,1 / 32768,0.991671,0.000031 
525,N1 N2 S5 N5 N3 S7 N5 N3 S7,62142,37735,23392,24226,1 / 8192,0.991793,0.000122 
526,N1 N2 S5 N5 N3 S7 N5 N3 S3,62159,37752,23409,24243,1 / 16384,0.991854,0.000061 
527,N1 N2 N5 N3 S7 N5 N2 S5 N5 S7,62259,37852,23509,24343,1 / 32768,0.991915,0.000031 
527,N1 N2 N5 N3 S7 N5 S5 N2 N5 S7,62259,37852,23509,24343,1 / 65536,0.991915,0.000015 
527,N1 N2 N5 S5 N2 N5 S7 N3 N5 S7,62259,37852,23509,24343,1 / 262144,0.991915,0.000004 
527,N1 N2 N5 S7 N3 N5 N2 S5 N5 S7,62259,37852,23509,24343,1 / 131072,0.991915,0.000008 
527,N1 N2 N5 S7 N3 N5 S5 N2 N5 S7,62259,37852,23509,24343,1 / 262144,0.991915,0.000004 
532,N1 S1 N4 N6 S3 N3 N5 N2 N1 S1,62329,37922,23579,24413,1 / 4096,0.992159,0.000244 
533,N1 N2 N5 S7 N3 S3 N6 N4 S1,62641,38234,23891,24725,1 / 4096,0.992403,0.000244 
534,N1 N2 N5 N3 S7 N5 N2 S1 N1 N2 S1,62806,38399,24056,24890,1 / 131072,0.992422,0.000008 
534,N1 N2 N5 S7 N3 N5 N2 S1 N1 N2 S1,62806,38399,24056,24890,1 / 524288,0.992422,0.000002 
534,N1 N2 S1 N1 N2 N5 N3 S7 N5 N2 S1,62806,38399,24056,24890,1 / 131072,0.992422,0.000008 
534,N1 N2 S1 N1 N2 N5 S7 N3 N5 N2 S1,62806,38399,24056,24890,1 / 524288,0.992422,0.000002 
538,N1 N2 S1 N1 N2 N5 N3 S7 N5 N3 S2,62890,38483,24140,24974,1 / 262144,0.992426,0.000004 
539,N1 N2 N5 N3 S7 N5 N3 S3 S2,62940,38533,24190,25024,1 / 16384,0.992487,0.000061 
540,N1 N2 N5 N3 S3 N7 S7 N5 N2 S1,63058,38651,24308,25142,1 / 8192,0.99264,0.000122 
540,N1 N2 N5 S7 N7 S3 N3 N5 N2 S1,63058,38651,24308,25142,1 / 32768,0.99264,0.000031 
542,N1 N2 N5 N3 S3 N7 S7 N5 N3 S2,63142,38735,24392,25226,1 / 16384,0.992701,0.000061 
543,N1 N2 N5 N3 S3 N6 N4 S1 N1 S4,63213,38806,24463,25297,1 / 4096,0.993433,0.000244 
543,N1 S1 N4 N6 S3 N3 N5 N2 N1 S4,63213,38806,24463,25297,1 / 2048,0.993433,0.000488 
545,N1 N2 S1 N4 N6 S3 N3 N5 N2 S1,63295,38888,24545,25379,1 / 8192,0.993555,0.000122 
546,N1 N2 N5 N3 S2 N4 S1 N2 N5 N3 S2,63446,39039,24696,25530,1 / 262144,0.993559,0.000004 
547,N1 N2 N5 N3 S2 N4 S1 N1 N2 N5 S5,63503,39096,24753,25587,1 / 262144,0.993563,0.000004 
548,N1 N2 N5 S5 N2 N1 S1 N2 N5 N3 S7,63614,39207,24864,25698,1 / 131072,0.993624,0.000008 
548,N1 N2 N5 S5 N2 S1 N1 N2 N5 N3 S7,63614,39207,24864,25698,1 / 262144,0.993624,0.000004 
548,N1 N2 S1 N1 N2 N5 S5 N2 N5 N3 S7,63614,39207,24864,25698,1 / 262144,0.993624,0.000004 
548,N1 N2 S5 N5 N2 N1 S1 N2 N5 N3 S7,63614,39207,24864,25698,1 / 32768,0.993624,0.000031 
548,N1 N2 S5 N5 N2 S1 N1 N2 N5 N3 S7,63614,39207,24864,25698,1 / 65536,0.993624,0.000015 
553,N1 N2 N5 S5 N2 N1 S1 N2 N5 N3 S3,63631,39224,24881,25715,1 / 262144,0.993654,0.000004 
553,N1 N2 N5 S5 N2 S1 N1 N2 N5 N3 S3,63631,39224,24881,25715,1 / 524288,0.993654,0.000002 
553,N1 N2 S1 N1 N2 N5 S5 N2 N5 N3 S3,63631,39224,24881,25715,1 / 524288,0.993654,0.000002 
553,N1 N2 S5 N5 N2 N1 S1 N2 N5 N3 S3,63631,39224,24881,25715,1 / 65536,0.993654,0.000015 
553,N1 N2 S5 N5 N2 S1 N1 N2 N5 N3 S3,63631,39224,24881,25715,1 / 131072,0.993654,0.000008 
558,N1 N2 N5 N3 S2 S3 N3 N5 N2 N1 S8,63861,39454,25111,25945,1 / 131072,0.993677,0.000008 
558,N1 N2 N5 N3 S3 S2 N3 N5 N2 N1 S8,63861,39454,25111,25945,1 / 65536,0.993677,0.000015 
560,N1 N2 N5 S5 N2 N5 N3 S3 N7 S7,63866,39459,25116,25950,1 / 16384,0.993738,0.000061 
561,N1 N2 N5 S5 N2 N5 N3 S2 N4 N6 S3,63899,39492,25149,25983,1 / 65536,0.993753,0.000015 
562,N1 N2 N5 S7 N3 N5 S7 N3 S3,63970,39563,25220,26054,1 / 32768,0.993784,0.000031 
563,N1 N2 N5 S5 N2 N5 N3 S7 N7 S3,64095,39688,25345,26179,1 / 16384,0.993845,0.000061 
564,N1 N2 N5 N3 S2 N4 S1 N1 N2 N5 S7,64180,39773,25430,26264,1 / 262144,0.993849,0.000004 
565,N1 N2 N5 N3 S7 N5 N2 N1 S1 N2 S5,64291,39884,25541,26375,1 / 65536,0.993896,0.000015 
565,N1 N2 N5 N3 S7 N5 N2 S1 N1 N2 S5,64291,39884,25541,26375,1 / 65536,0.993896,0.000015 
565,N1 N2 N5 S7 N3 N5 N2 N1 S1 N2 S5,64291,39884,25541,26375,1 / 262144,0.993896,0.000004 
565,N1 N2 N5 S7 N3 N5 N2 S1 N1 N2 S5,64291,39884,25541,26375,1 / 262144,0.993896,0.000004 
565,N1 N2 S1 N1 N2 N5 N3 S7 N5 N2 S5,64291,39884,25541,26375,1 / 131072,0.993896,0.000008 
565,N1 N2 S1 N1 N2 N5 S7 N3 N5 N2 S5,64291,39884,25541,26375,1 / 524288,0.993896,0.000002 
571,N1 N2 N5 N3 S7 N5 N3 S2 N4 S8,64393,39986,25643,26477,1 / 65536,0.993912,0.000015 
572,N1 N2 N5 N3 S3 N7 S7 N5 N2 S5,64543,40136,25793,26627,1 / 8192,0.994064,0.000122 
572,N1 N2 N5 S7 N7 S3 N3 N5 N2 S5,64543,40136,25793,26627,1 / 32768,0.994064,0.000031 
574,N1 N2 N5 N3 S3 N6 N4 S1 N2 S5,64780,40373,26030,26864,1 / 16384,0.994247,0.000061 
574,N1 N2 S1 N4 N6 S3 N3 N5 N2 S5,64780,40373,26030,26864,1 / 8192,0.994247,0.000122 
576,N1 N2 N5 N3 S2 S3 N3 N5 N2 N1 S1,64813,40406,26063,26897,1 / 131072,0.99427,0.000008 
576,N1 N2 N5 N3 S3 S2 N3 N5 N2 N1 S1,64813,40406,26063,26897,1 / 65536,0.99427,0.000015 
578,N1 N2 N5 N3 S3 N6 N4 S8 N1 N2 S1,64880,40473,26130,26964,1 / 32768,0.994301,0.000031 
579,N1 N2 N5 N3 S7 N5 N2 S1 N4 S8,64943,40536,26193,27027,1 / 16384,0.994377,0.000061 
579,N1 N2 N5 S7 N3 N5 N2 S1 N4 S8,64943,40536,26193,27027,1 / 65536,0.994377,0.000015 
581,N1 N2 N5 N3 S2 N4 S8 N1 N2 N5 N3 S2,65031,40624,26281,27115,1 / 262144,0.994381,0.000004 
582,N1 N2 N5 N3 S2 N4 N6 S3 N3 S7,65364,40957,26614,27448,1 / 8192,0.994625,0.000122 
582,N1 N2 N5 N3 S3 N6 N4 S2 N3 S7,65364,40957,26614,27448,1 / 8192,0.994625,0.000122 
584,N1 N2 N5 N3 S3 N6 N4 S2 N3 S3,65381,40974,26631,27465,1 / 16384,0.994686,0.000061 
585,N1 N2 N5 N3 S7 N7 S3 N3 S7,65560,41153,26810,27644,1 / 2048,0.995174,0.000488 
586,N1 N2 N5 N3 S3 N7 S7 N3 S3,65577,41170,26827,27661,1 / 2048,0.995663,0.000488 
587,N1 N2 N5 N3 S2 S3 N3 N5 N2 N1 S4,65697,41290,26947,27781,1 / 65536,0.995708,0.000015 
587,N1 N2 N5 N3 S3 S2 N3 N5 N2 N1 S4,65697,41290,26947,27781,1 / 32768,0.995708,0.000031 
589,N1 N2 N5 N3 S7 N5 N2 S5 N5 N2 S1,65729,41322,26979,27813,1 / 65536,0.995737,0.000015 
589,N1 N2 N5 S5 N2 N5 N3 S7 N5 N2 S1,65729,41322,26979,27813,1 / 131072,0.995737,0.000008 
589,N1 N2 N5 S5 N2 N5 S7 N3 N5 N2 S1,65729,41322,26979,27813,1 / 524288,0.995737,0.000002 
589,N1 N2 N5 S7 N3 N5 N2 S5 N5 N2 S1,65729,41322,26979,27813,1 / 262144,0.995737,0.000004 
593,N1 N2 N5 N3 S7 N5 N2 S1 N4 S2,65777,41370,27027,27861,1 / 16384,0.995813,0.000061 
593,N1 N2 N5 S7 N3 N5 N2 S1 N4 S2,65777,41370,27027,27861,1 / 65536,0.995813,0.000015 
595,N1 N2 S1 N1 N2 N5 N3 S3 N6 N4 S8,65798,41391,27048,27882,1 / 131072,0.995821,0.000008 
596,N1 N2 N5 N3 S7 N5 N2 S5 N5 N3 S2,65813,41406,27063,27897,1 / 131072,0.995844,0.000008 
596,N1 N2 N5 N3 S7 N5 S5 N2 N5 N3 S2,65813,41406,27063,27897,1 / 131072,0.995844,0.000008 
596,N1 N2 N5 S5 N2 N5 N3 S7 N5 N3 S2,65813,41406,27063,27897,1 / 262144,0.995844,0.000004 
596,N1 N2 N5 S7 N3 N5 N2 S5 N5 N3 S2,65813,41406,27063,27897,1 / 524288,0.995844,0.000002 
596,N1 N2 N5 S7 N3 N5 S5 N2 N5 N3 S2,65813,41406,27063,27897,1 / 524288,0.995844,0.000002 
601,N1 N2 N5 N3 S7 N5 N2 N1 S1 N2 N1 S8,66142,41735,27392,28226,1 / 131072,0.995858,0.000008 
601,N1 N2 N5 S7 N3 N5 N2 N1 S1 N2 N1 S8,66142,41735,27392,28226,1 / 524288,0.995858,0.000002 
601,N1 N2 S1 N1 N2 N5 N3 S7 N5 N2 N1 S8,66142,41735,27392,28226,1 / 262144,0.995858,0.000004 
601,N1 N2 S1 N1 N2 N5 S7 N3 N5 N2 N1 S8,66142,41735,27392,28226,1 / 1048576,0.995858,0.000001 
605,N1 N2 N5 N3 S7 N5 N3 S2 N4 S1,66178,41771,27428,28262,1 / 65536,0.995873,0.000015 
606,N1 N2 N5 N3 S7 N7 S3 N6 N4 S8,66262,41855,27512,28346,1 / 4096,0.996118,0.000244 
607,N1 N2 N5 N3 S3 N6 N4 S8 N1 N2 S5,66365,41958,27615,28449,1 / 16384,0.996179,0.000061 
608,N1 N2 N5 N3 S3 N7 S7 N5 N2 N1 S8,66394,41987,27644,28478,1 / 16384,0.996255,0.000061 
608,N1 N2 N5 S7 N7 S3 N3 N5 N2 N1 S8,66394,41987,27644,28478,1 / 65536,0.996255,0.000015 
610,N1 N2 N5 S5 N2 N5 S5 N2 N5 N3 S7,66537,42130,27787,28621,1 / 262144,0.996259,0.000004 
611,N1 N2 N5 S5 N2 N5 S5 N2 N5 N3 S3,66554,42147,27804,28638,1 / 524288,0.996261,0.000002 
612,N1 N2 N5 N3 S3 N6 N4 S1 N2 N1 S8,66631,42224,27881,28715,1 / 32768,0.996352,0.000031 
612,N1 N2 S1 N4 N6 S3 N3 N5 N2 N1 S8,66631,42224,27881,28715,1 / 16384,0.996352,0.000061 
614,N1 N2 S1 N1 N2 N5 N3 S3 N6 N4 S2,66632,42225,27882,28716,1 / 131072,0.99636,0.000008 
615,N1 N2 N5 N3 S7 N5 N3 S7 N5 S5,66863,42456,28113,28947,1 / 32768,0.996394,0.000031 
615,N1 N2 N5 S7 N3 N5 S7 N3 N5 S5,66863,42456,28113,28947,1 / 262144,0.996394,0.000004 
617,N1 N2 N5 N3 S7 N5 N2 N1 S1 N2 N1 S1,67094,42687,28344,29178,1 / 131072,0.996408,0.000008 
617,N1 N2 N5 S7 N3 N5 N2 N1 S1 N2 N1 S1,67094,42687,28344,29178,1 / 524288,0.996408,0.000002 
617,N1 N2 S1 N1 N2 N5 N3 S7 N5 N2 N1 S1,67094,42687,28344,29178,1 / 262144,0.996408,0.000004 
617,N1 N2 S1 N1 N2 N5 S7 N3 N5 N2 N1 S1,67094,42687,28344,29178,1 / 1048576,0.996408,0.000001 
621,N1 N2 N5 N3 S7 N7 S3 N6 N4 S2,67096,42689,28346,29180,1 / 4096,0.996653,0.000244 
622,N1 N2 N5 N3 S7 N5 N2 S5 N5 N2 S5,67214,42807,28464,29298,1 / 65536,0.996681,0.000015 
622,N1 N2 N5 S5 N2 N5 N3 S7 N5 N2 S5,67214,42807,28464,29298,1 / 131072,0.996681,0.000008 
622,N1 N2 N5 S5 N2 N5 S7 N3 N5 N2 S5,67214,42807,28464,29298,1 / 524288,0.996681,0.000002 
622,N1 N2 N5 S7 N3 N5 N2 S5 N5 N2 S5,67214,42807,28464,29298,1 / 262144,0.996681,0.000004 
626,N1 N2 N5 N3 S3 N7 S7 N5 N2 N1 S1,67346,42939,28596,29430,1 / 16384,0.996758,0.000061 
626,N1 N2 N5 S7 N7 S3 N3 N5 N2 N1 S1,67346,42939,28596,29430,1 / 65536,0.996758,0.000015 
628,N1 N2 N5 N3 S7 N5 N2 N1 S8 N4 S2,67362,42955,28612,29446,1 / 16384,0.996834,0.000061 
628,N1 N2 N5 S7 N3 N5 N2 N1 S8 N4 S2,67362,42955,28612,29446,1 / 65536,0.996834,0.000015 
630,N1 N2 N5 S7 N3 N5 S7 N3 N5 S7,67540,43133,28790,29624,1 / 262144,0.996838,0.000004 
631,N1 N2 N5 N3 S3 N6 N4 S1 N1 N2 S1,67583,43176,28833,29667,1 / 32768,0.996975,0.000031 
631,N1 N2 N5 N3 S3 N6 N4 S1 N2 N1 S1,67583,43176,28833,29667,1 / 32768,0.996975,0.000031 
631,N1 N2 S1 N1 N2 N5 N3 S3 N6 N4 S1,67583,43176,28833,29667,1 / 65536,0.996975,0.000015 
631,N1 N2 S1 N4 N6 S3 N3 N5 N2 N1 S1,67583,43176,28833,29667,1 / 16384,0.996975,0.000061 
635,N1 N2 N5 N3 S2 N4 S1 N1 N2 N5 N3 S2,67734,43327,28984,29818,1 / 524288,0.996977,0.000002 
636,N1 N2 N5 N3 S7 N5 N2 N1 S1 N2 N1 S4,67978,43571,29228,30062,1 / 65536,0.997005,0.000015 
636,N1 N2 N5 S7 N3 N5 N2 N1 S1 N2 N1 S4,67978,43571,29228,30062,1 / 262144,0.997005,0.000004 
636,N1 N2 S1 N1 N2 N5 N3 S7 N5 N2 N1 S4,67978,43571,29228,30062,1 / 131072,0.997005,0.000008 
636,N1 N2 S1 N1 N2 N5 S7 N3 N5 N2 N1 S4,67978,43571,29228,30062,1 / 524288,0.997005,0.000002 
640,N1 N2 N5 N3 S7 N7 S3 N6 N4 S1,68047,43640,29297,30131,1 / 2048,0.997494,0.000488 
641,N1 N2 N5 N3 S3 N7 S7 N5 N2 N1 S4,68230,43823,29480,30314,1 / 8192,0.997646,0.000122 
641,N1 N2 N5 S7 N7 S3 N3 N5 N2 N1 S4,68230,43823,29480,30314,1 / 32768,0.997646,0.000031 
643,N1 N2 N5 N3 S2 N4 N6 S3 N3 N5 S5,68274,43867,29524,30358,1 / 65536,0.997677,0.000015 
643,N1 N2 N5 N3 S3 N6 N4 S2 N3 N5 S5,68274,43867,29524,30358,1 / 65536,0.997677,0.000015 
645,N1 N2 N5 N3 S7 N5 N2 N1 S8 N4 S1,68313,43906,29563,30397,1 / 16384,0.997753,0.000061 
645,N1 N2 N5 S7 N3 N5 N2 N1 S8 N4 S1,68313,43906,29563,30397,1 / 65536,0.997753,0.000015 
647,N1 N2 N5 N3 S7 N5 N2 N1 S1 N2 N5 S5,68335,43928,29585,30419,1 / 262144,0.99776,0.000004 
647,N1 N2 N5 N3 S7 N5 N2 S1 N1 N2 N5 S5,68335,43928,29585,30419,1 / 524288,0.99776,0.000002 
647,N1 N2 N5 S7 N3 N5 N2 N1 S1 N2 N5 S5,68335,43928,29585,30419,1 / 1048576,0.99776,0.000001 
647,N1 N2 N5 S7 N3 N5 N2 S1 N1 N2 N5 S5,68335,43928,29585,30419,1 / 2097152,0.99776,0.000000 
651,N1 N2 N5 N3 S3 N6 N4 S1 N2 N1 S4,68467,44060,29717,30551,1 / 16384,0.997943,0.000061 
651,N1 N2 S1 N4 N6 S3 N3 N5 N2 N1 S4,68467,44060,29717,30551,1 / 8192,0.997943,0.000122 
653,N1 N2 N5 N3 S3 N7 S7 N3 N5 S5,68470,44063,29720,30554,1 / 16384,0.998065,0.000061 
653,N1 N2 N5 N3 S7 N7 S3 N3 N5 S5,68470,44063,29720,30554,1 / 16384,0.998065,0.000061 
655,N1 N2 N5 S5 N2 N5 N3 S3 N6 N4 S8,68721,44314,29971,30805,1 / 131072,0.998073,0.000008 
656,N1 N2 N5 N3 S3 N6 N4 S1 N2 N5 S5,68824,44417,30074,30908,1 / 65536,0.998088,0.000015 
657,N1 N2 S1 N1 N2 N5 N3 S7 N5 N3 S7,68895,44488,30145,30979,1 / 131072,0.998096,0.000008 
658,N1 N2 S1 N1 N2 N5 N3 S7 N5 N3 S3,68912,44505,30162,30996,1 / 262144,0.9981,0.000004 
659,N1 N2 N5 N3 S2 N4 N6 S3 N3 N5 S7,68951,44544,30201,31035,1 / 65536,0.99813,0.000015 
659,N1 N2 N5 N3 S3 N6 N4 S2 N3 N5 S7,68951,44544,30201,31035,1 / 65536,0.99813,0.000015 
661,N1 N2 N5 N3 S7 N5 N2 N1 S1 N2 N5 S7,69012,44605,30262,31096,1 / 262144,0.998137,0.000004 
661,N1 N2 N5 N3 S7 N5 N2 S1 N1 N2 N5 S7,69012,44605,30262,31096,1 / 524288,0.998137,0.000002 
661,N1 N2 N5 S7 N3 N5 N2 N1 S1 N2 N5 S7,69012,44605,30262,31096,1 / 1048576,0.998137,0.000001 
661,N1 N2 N5 S7 N3 N5 N2 S1 N1 N2 N5 S7,69012,44605,30262,31096,1 / 2097152,0.998137,0.000000 
665,N1 N2 N5 N3 S7 N5 N2 S5 N5 N2 N1 S8,69065,44658,30315,31149,1 / 131072,0.998152,0.000008 
665,N1 N2 N5 S5 N2 N5 N3 S7 N5 N2 N1 S8,69065,44658,30315,31149,1 / 262144,0.998152,0.000004 
665,N1 N2 N5 S5 N2 N5 S7 N3 N5 N2 N1 S8,69065,44658,30315,31149,1 / 1048576,0.998152,0.000001 
665,N1 N2 N5 S7 N3 N5 N2 S5 N5 N2 N1 S8,69065,44658,30315,31149,1 / 524288,0.998152,0.000002 
669,N1 N2 N5 N3 S3 N6 N4 S1 N1 N2 S5,69068,44661,30318,31152,1 / 16384,0.998213,0.000061 
670,N1 N2 N5 N3 S3 N7 S7 N3 N5 S7,69147,44740,30397,31231,1 / 16384,0.998579,0.000061 
670,N1 N2 N5 N3 S3 N7 S7 N5 N3 S7,69147,44740,30397,31231,1 / 8192,0.998579,0.000122 
670,N1 N2 N5 N3 S7 N5 N3 S3 N7 S7,69147,44740,30397,31231,1 / 8192,0.998579,0.000122 
670,N1 N2 N5 N3 S7 N7 S3 N3 N5 S7,69147,44740,30397,31231,1 / 16384,0.998579,0.000061 
674,N1 N2 N5 N3 S3 N7 S7 N5 N3 S3,69164,44757,30414,31248,1 / 16384,0.99864,0.000061 
675,N1 N2 N5 N3 S7 N5 N3 S2 N4 N6 S3,69180,44773,30430,31264,1 / 32768,0.998671,0.000031 
676,N1 N2 N5 N3 S7 N5 N2 N1 S1 N4 S8,69231,44824,30481,31315,1 / 32768,0.998709,0.000031 
676,N1 N2 N5 S7 N3 N5 N2 N1 S1 N4 S8,69231,44824,30481,31315,1 / 131072,0.998709,0.000008 
678,N1 N2 N5 N3 S7 N5 N3 S7 N7 S3,69376,44969,30626,31460,1 / 8192,0.998831,0.000122 
679,N1 N2 N5 N3 S2 N4 S1 N2 N5 N3 S7,69451,45044,30701,31535,1 / 131072,0.998838,0.000008 
680,N1 N2 N5 N3 S2 N4 S1 N2 N5 N3 S3,69468,45061,30718,31552,1 / 262144,0.998842,0.000004 
681,N1 N2 N5 N3 S3 N6 N4 S1 N2 N5 S7,69501,45094,30751,31585,1 / 65536,0.998857,0.000015 
682,N1 N2 N5 S5 N2 N5 N3 S3 N6 N4 S2,69555,45148,30805,31639,1 / 131072,0.998865,0.000008 
683,N1 N2 N5 N3 S7 N5 N2 S1 N4 N6 S3,69730,45323,30980,31814,1 / 8192,0.999018,0.000122 
683,N1 N2 N5 S7 N3 N5 N2 S1 N4 N6 S3,69730,45323,30980,31814,1 / 32768,0.999018,0.000031 
685,N1 N2 N5 N3 S7 N5 N2 S5 N5 N2 N1 S1,70017,45610,31267,32101,1 / 131072,0.999032,0.000008 
685,N1 N2 N5 S5 N2 N5 N3 S7 N5 N2 N1 S1,70017,45610,31267,32101,1 / 262144,0.999032,0.000004 
685,N1 N2 N5 S5 N2 N5 S7 N3 N5 N2 N1 S1,70017,45610,31267,32101,1 / 1048576,0.999032,0.000001 
685,N1 N2 N5 S7 N3 N5 N2 S5 N5 N2 N1 S1,70017,45610,31267,32101,1 / 524288,0.999032,0.000002 
689,N1 N2 N5 N3 S7 N5 N2 N1 S1 N4 S2,70065,45658,31315,32149,1 / 32768,0.99907,0.000031 
689,N1 N2 N5 S7 N3 N5 N2 N1 S1 N4 S2,70065,45658,31315,32149,1 / 131072,0.99907,0.000008 
691,N1 N2 N5 N3 S3 N6 N4 S8 N1 N2 N5 S5,70409,46002,31659,32493,1 / 131072,0.999078,0.000008 
692,N1 N2 N5 S5 N2 N5 N3 S3 N6 N4 S1,70506,46099,31756,32590,1 / 65536,0.999093,0.000015 
693,N1 N2 N5 N3 S7 N5 N2 S5 N5 N2 N1 S4,70901,46494,32151,32985,1 / 65536,0.999122,0.000015 
693,N1 N2 N5 S5 N2 N5 N3 S7 N5 N2 N1 S4,70901,46494,32151,32985,1 / 131072,0.999122,0.000008 
693,N1 N2 N5 S5 N2 N5 S7 N3 N5 N2 N1 S4,70901,46494,32151,32985,1 / 524288,0.999122,0.000002 
693,N1 N2 N5 S7 N3 N5 N2 S5 N5 N2 N1 S4,70901,46494,32151,32985,1 / 262144,0.999122,0.000004 
697,N1 N2 N5 N3 S7 N5 N3 S7 N5 N2 S1,71010,46603,32260,33094,1 / 65536,0.999139,0.000015 
697,N1 N2 N5 S7 N3 N5 S7 N3 N5 N2 S1,71010,46603,32260,33094,1 / 524288,0.999139,0.000002 
699,N1 N2 N5 N3 S2 N4 S8 N1 N2 N5 N3 S7,71036,46629,32286,33120,1 / 131072,0.999146,0.000008 
700,N1 N2 N5 N3 S2 N4 S8 N1 N2 N5 N3 S3,71053,46646,32303,33137,1 / 262144,0.99915,0.000004 
701,N1 N2 N5 N3 S3 N6 N4 S8 N1 N2 N5 S7,71086,46679,32336,33170,1 / 131072,0.999158,0.000008 
702,N1 N2 N5 N3 S7 N5 N3 S7 N5 N3 S2,71094,46687,32344,33178,1 / 131072,0.999166,0.000008 
703,N1 N2 N5 N3 S7 N5 N2 N1 S8 N4 N6 S3,71315,46908,32565,33399,1 / 8192,0.999318,0.000122 
703,N1 N2 N5 S7 N3 N5 N2 N1 S8 N4 N6 S3,71315,46908,32565,33399,1 / 32768,0.999318,0.000031 
705,N1 N2 N5 N3 S7 N5 N2 S5 N5 N3 S7,71818,47411,33068,33902,1 / 65536,0.999364,0.000015 
705,N1 N2 N5 N3 S7 N5 S5 N2 N5 N3 S7,71818,47411,33068,33902,1 / 65536,0.999364,0.000015 
705,N1 N2 N5 S5 N2 N5 N3 S7 N5 N3 S7,71818,47411,33068,33902,1 / 131072,0.999364,0.000008 
705,N1 N2 N5 S7 N3 N5 N2 S5 N5 N3 S7,71818,47411,33068,33902,1 / 262144,0.999364,0.000004 
705,N1 N2 N5 S7 N3 N5 S5 N2 N5 N3 S7,71818,47411,33068,33902,1 / 262144,0.999364,0.000004 
710,N1 N2 N5 N3 S7 N5 N2 S5 N5 N3 S3,71835,47428,33085,33919,1 / 131072,0.999387,0.000008 
710,N1 N2 N5 N3 S7 N5 S5 N2 N5 N3 S3,71835,47428,33085,33919,1 / 131072,0.999387,0.000008 
710,N1 N2 N5 S5 N2 N5 N3 S7 N5 N3 S3,71835,47428,33085,33919,1 / 262144,0.999387,0.000004 
710,N1 N2 N5 S7 N3 N5 N2 S5 N5 N3 S3,71835,47428,33085,33919,1 / 524288,0.999387,0.000002 
710,N1 N2 N5 S7 N3 N5 S5 N2 N5 N3 S3,71835,47428,33085,33919,1 / 524288,0.999387,0.000002 
715,N1 N2 N5 N3 S2 N4 N6 S3 N3 N5 N2 S1,72421,48014,33671,34505,1 / 131072,0.999402,0.000008 
715,N1 N2 N5 N3 S3 N6 N4 S2 N3 N5 N2 S1,72421,48014,33671,34505,1 / 131072,0.999402,0.000008 
717,N1 N2 N5 N3 S7 N5 N3 S7 N5 N2 S5,72495,48088,33745,34579,1 / 65536,0.999419,0.000015 
717,N1 N2 N5 S7 N3 N5 S7 N3 N5 N2 S5,72495,48088,33745,34579,1 / 524288,0.999419,0.000002 
719,N1 N2 N5 N3 S7 N5 N2 N1 S1 N2 N5 N3 S2,72566,48159,33816,34650,1 / 524288,0.999423,0.000002 
719,N1 N2 N5 N3 S7 N5 N2 S1 N1 N2 N5 N3 S2,72566,48159,33816,34650,1 / 1048576,0.999423,0.000001 
719,N1 N2 N5 S7 N3 N5 N2 N1 S1 N2 N5 N3 S2,72566,48159,33816,34650,1 / 2097152,0.999423,0.000000 
719,N1 N2 N5 S7 N3 N5 N2 S1 N1 N2 N5 N3 S2,72566,48159,33816,34650,1 / 4194304,0.999423,0.000000 
723,N1 N2 N5 N3 S3 N7 S7 N3 N5 N2 S1,72617,48210,33867,34701,1 / 32768,0.999484,0.000031 
723,N1 N2 N5 N3 S7 N7 S3 N3 N5 N2 S1,72617,48210,33867,34701,1 / 32768,0.999484,0.000031 
725,N1 N2 N5 N3 S3 N6 N4 S1 N2 N5 N3 S2,73055,48648,34305,35139,1 / 131072,0.999491,0.000008 
726,N1 N2 N5 N3 S3 N6 N4 S1 N1 N2 N5 S5,73112,48705,34362,35196,1 / 131072,0.999499,0.000008 
727,N1 N2 N5 N3 S2 N4 S1 N1 N2 N5 N3 S7,73739,49332,34989,35823,1 / 262144,0.999503,0.000004 
728,N1 N2 N5 N3 S2 N4 S1 N1 N2 N5 N3 S3,73756,49349,35006,35840,1 / 524288,0.999505,0.000002 
729,N1 N2 N5 N3 S3 N6 N4 S1 N1 N2 N5 S7,73789,49382,35039,35873,1 / 131072,0.999512,0.000008 
730,N1 N2 N5 N3 S2 N4 N6 S3 N3 N5 N2 S5,73906,49499,35156,35990,1 / 131072,0.999528,0.000008 
730,N1 N2 N5 N3 S3 N6 N4 S2 N3 N5 N2 S5,73906,49499,35156,35990,1 / 131072,0.999528,0.000008 
732,N1 N2 N5 N3 S7 N5 N3 S3 N6 N4 S8,74002,49595,35252,36086,1 / 65536,0.999543,0.000015 
733,N1 N2 N5 N3 S7 N5 N2 N1 S1 N4 N6 S3,74018,49611,35268,36102,1 / 16384,0.999619,0.000061 
733,N1 N2 N5 S7 N3 N5 N2 N1 S1 N4 N6 S3,74018,49611,35268,36102,1 / 65536,0.999619,0.000015 
735,N1 N2 N5 N3 S3 N7 S7 N3 N5 N2 S5,74102,49695,35352,36186,1 / 32768,0.99968,0.000031 
735,N1 N2 N5 N3 S7 N7 S3 N3 N5 N2 S5,74102,49695,35352,36186,1 / 32768,0.99968,0.000031 
737,N1 N2 N5 N3 S7 N5 N3 S7 N5 N2 N1 S8,74346,49939,35596,36430,1 / 131072,0.999689,0.000008 
737,N1 N2 N5 S7 N3 N5 S7 N3 N5 N2 N1 S8,74346,49939,35596,36430,1 / 1048576,0.999689,0.000001 
739,N1 N2 N5 N3 S3 N6 N4 S8 N1 N2 N5 N3 S2,74640,50233,35890,36724,1 / 262144,0.999693,0.000004 
740,N1 N2 N5 N3 S7 N5 N3 S3 N6 N4 S2,74836,50429,36086,36920,1 / 65536,0.999708,0.000015 
741,N1 N2 N5 N3 S7 N5 N3 S7 N5 N2 N1 S1,75298,50891,36548,37382,1 / 131072,0.999717,0.000008 
741,N1 N2 N5 S7 N3 N5 S7 N3 N5 N2 N1 S1,75298,50891,36548,37382,1 / 1048576,0.999717,0.000001 
743,N1 N2 N5 N3 S2 N4 N6 S3 N3 N5 N2 N1 S8,75757,51350,37007,37841,1 / 262144,0.999724,0.000004 
743,N1 N2 N5 N3 S3 N6 N4 S2 N3 N5 N2 N1 S8,75757,51350,37007,37841,1 / 262144,0.999724,0.000004 
745,N1 N2 N5 N3 S7 N5 N3 S3 N6 N4 S1,75787,51380,37037,37871,1 / 32768,0.999755,0.000031 
746,N1 N2 N5 N3 S3 N7 S7 N3 N5 N2 N1 S8,75953,51546,37203,38037,1 / 65536,0.999785,0.000015 
746,N1 N2 N5 N3 S7 N7 S3 N3 N5 N2 N1 S8,75953,51546,37203,38037,1 / 65536,0.999785,0.000015 
748,N1 N2 N5 N3 S7 N5 N3 S7 N5 N2 N1 S4,76182,51775,37432,38266,1 / 65536,0.999802,0.000015 
748,N1 N2 N5 S7 N3 N5 S7 N3 N5 N2 N1 S4,76182,51775,37432,38266,1 / 524288,0.999802,0.000002 
750,N1 N2 N5 N3 S2 N4 N6 S3 N3 N5 N2 N1 S1,76709,52302,37959,38793,1 / 262144,0.99981,0.000004 
750,N1 N2 N5 N3 S3 N6 N4 S2 N3 N5 N2 N1 S1,76709,52302,37959,38793,1 / 262144,0.99981,0.000004 
752,N1 N2 N5 N3 S3 N7 S7 N3 N5 N2 N1 S1,76905,52498,38155,38989,1 / 65536,0.99984,0.000015 
752,N1 N2 N5 N3 S7 N7 S3 N3 N5 N2 N1 S1,76905,52498,38155,38989,1 / 65536,0.99984,0.000015 
754,N1 N2 N5 N3 S7 N5 N3 S7 N5 N3 S7,77099,52692,38349,39183,1 / 65536,0.999856,0.000015 
755,N1 N2 N5 N3 S7 N5 N3 S7 N5 N3 S3,77116,52709,38366,39200,1 / 131072,0.999863,0.000008 
756,N1 N2 N5 N3 S3 N6 N4 S1 N1 N2 N5 N3 S2,77343,52936,38593,39427,1 / 262144,0.999867,0.000004 
757,N1 N2 N5 N3 S2 N4 N6 S3 N3 N5 N2 N1 S4,77593,53186,38843,39677,1 / 131072,0.999882,0.000008 
757,N1 N2 N5 N3 S3 N6 N4 S2 N3 N5 N2 N1 S4,77593,53186,38843,39677,1 / 131072,0.999882,0.000008 
759,N1 N2 N5 N3 S3 N7 S7 N3 N5 N2 N1 S4,77789,53382,39039,39873,1 / 32768,0.999943,0.000031 
759,N1 N2 N5 N3 S7 N7 S3 N3 N5 N2 N1 S4,77789,53382,39039,39873,1 / 32768,0.999943,0.000031 
761,N1 N2 N5 N3 S7 N5 N2 N1 S1 N2 N5 N3 S7,78571,54164,39821,40655,1 / 262144,0.999951,0.000004 
761,N1 N2 N5 N3 S7 N5 N2 S1 N1 N2 N5 N3 S7,78571,54164,39821,40655,1 / 524288,0.999951,0.000002 
761,N1 N2 N5 S7 N3 N5 N2 N1 S1 N2 N5 N3 S7,78571,54164,39821,40655,1 / 1048576,0.999951,0.000001 
761,N1 N2 N5 S7 N3 N5 N2 S1 N1 N2 N5 N3 S7,78571,54164,39821,40655,1 / 2097152,0.999951,0.000000 
765,N1 N2 N5 N3 S7 N5 N2 N1 S1 N2 N5 N3 S3,78588,54181,39838,40672,1 / 524288,0.999954,0.000002 
765,N1 N2 N5 N3 S7 N5 N2 S1 N1 N2 N5 N3 S3,78588,54181,39838,40672,1 / 1048576,0.999954,0.000001 
765,N1 N2 N5 S7 N3 N5 N2 N1 S1 N2 N5 N3 S3,78588,54181,39838,40672,1 / 2097152,0.999954,0.000000 
765,N1 N2 N5 S7 N3 N5 N2 S1 N1 N2 N5 N3 S3,78588,54181,39838,40672,1 / 4194304,0.999954,0.000000 
769,N1 N2 N5 N3 S3 N6 N4 S1 N2 N5 N3 S7,79060,54653,40310,41144,1 / 65536,0.999969,0.000015 
770,N1 N2 N5 N3 S3 N6 N4 S1 N2 N5 N3 S3,79077,54670,40327,41161,1 / 131072,0.999977,0.000008 
771,N1 N2 N5 N3 S3 N6 N4 S8 N1 N2 N5 N3 S7,80645,56238,41895,42729,1 / 131072,0.999985,0.000008 
772,N1 N2 N5 N3 S3 N6 N4 S8 N1 N2 N5 N3 S3,80662,56255,41912,42746,1 / 262144,0.999989,0.000004 
773,N1 N2 N5 N3 S3 N6 N4 S1 N1 N2 N5 N3 S7,83348,58941,44598,45432,1 / 131072,0.999996,0.000008 
774,N1 N2 N5 N3 S3 N6 N4 S1 N1 N2 N5 N3 S3,83365,58958,44615,45449,1 / 262144,1,0.000004 
